half_sat,p_managed,fr_spring,fr_summer,fr_autumn,fr_winter,n_cavity,n_stem,n_ground,p_dep,p_abund,pdep_y_w,y_tot,y_wild
0.01,0.01,0.01,0.01,0.01,0.01,0.01,0.01,0.01,0.01,0.002638,0.147437,0.991574,0.001474
0.01,0.01,0.01,0.01,0.01,0.01,0.01,0.01,0.01,0.33,0.002638,0.147437,0.721954,0.048654
0.01,0.01,0.01,0.01,0.01,0.01,0.01,0.01,0.01,0.66,0.002638,0.147437,0.443908,0.097308
0.01,0.01,0.01,0.01,0.01,0.01,0.01,0.01,0.01,0.99,0.002638,0.147437,0.165862,0.145962
0.01,0.01,0.01,0.01,0.01,0.01,0.33,0.33,0.33,0.01,0.003373,0.185562,0.991956,0.001856
0.01,0.01,0.01,0.01,0.01,0.01,0.33,0.33,0.33,0.33,0.003373,0.185562,0.734535,0.061235
0.01,0.01,0.01,0.01,0.01,0.01,0.33,0.33,0.33,0.66,0.003373,0.185562,0.469071,0.122471
0.01,0.01,0.01,0.01,0.01,0.01,0.33,0.33,0.33,0.99,0.003373,0.185562,0.203606,0.183706
0.01,0.01,0.01,0.01,0.01,0.01,0.66,0.66,0.66,0.01,0.004131,0.221253,0.992313,0.002213
0.01,0.01,0.01,0.01,0.01,0.01,0.66,0.66,0.66,0.33,0.004131,0.221253,0.746313,0.073013
0.01,0.01,0.01,0.01,0.01,0.01,0.66,0.66,0.66,0.66,0.004131,0.221253,0.492627,0.146027
0.01,0.01,0.01,0.01,0.01,0.01,0.66,0.66,0.66,0.99,0.004131,0.221253,0.238940,0.219040
0.01,0.01,0.01,0.01,0.01,0.01,0.99,0.99,0.99,0.01,0.004889,0.253780,0.992638,0.002538
0.01,0.01,0.01,0.01,0.01,0.01,0.99,0.99,0.99,0.33,0.004889,0.253780,0.757047,0.083747
0.01,0.01,0.01,0.01,0.01,0.01,0.99,0.99,0.99,0.66,0.004889,0.253780,0.514095,0.167495
0.01,0.01,0.01,0.01,0.01,0.01,0.99,0.99,0.99,0.99,0.004889,0.253780,0.271142,0.251242
0.01,0.01,0.33,0.33,0.33,0.33,0.01,0.01,0.01,0.01,0.046114,0.824896,0.998349,0.008249
0.01,0.01,0.33,0.33,0.33,0.33,0.01,0.01,0.01,0.33,0.046114,0.824896,0.945516,0.272216
0.01,0.01,0.33,0.33,0.33,0.33,0.01,0.01,0.01,0.66,0.046114,0.824896,0.891031,0.544431
0.01,0.01,0.33,0.33,0.33,0.33,0.01,0.01,0.01,0.99,0.046114,0.824896,0.836547,0.816647
0.01,0.01,0.33,0.33,0.33,0.33,0.33,0.33,0.33,0.01,0.063422,0.869252,0.998793,0.008693
0.01,0.01,0.33,0.33,0.33,0.33,0.33,0.33,0.33,0.33,0.063422,0.869252,0.960153,0.286853
0.01,0.01,0.33,0.33,0.33,0.33,0.33,0.33,0.33,0.66,0.063422,0.869252,0.920306,0.573706
0.01,0.01,0.33,0.33,0.33,0.33,0.33,0.33,0.33,0.99,0.063422,0.869252,0.880459,0.860559
0.01,0.01,0.33,0.33,0.33,0.33,0.66,0.66,0.66,0.01,0.081269,0.896760,0.999068,0.008968
0.01,0.01,0.33,0.33,0.33,0.33,0.66,0.66,0.66,0.33,0.081269,0.896760,0.969231,0.295931
0.01,0.01,0.33,0.33,0.33,0.33,0.66,0.66,0.66,0.66,0.081269,0.896760,0.938461,0.591861
0.01,0.01,0.33,0.33,0.33,0.33,0.66,0.66,0.66,0.99,0.081269,0.896760,0.907692,0.887792
0.01,0.01,0.33,0.33,0.33,0.33,0.99,0.99,0.99,0.01,0.099117,0.915131,0.999251,0.009151
0.01,0.01,0.33,0.33,0.33,0.33,0.99,0.99,0.99,0.33,0.099117,0.915131,0.975293,0.301993
0.01,0.01,0.33,0.33,0.33,0.33,0.99,0.99,0.99,0.66,0.099117,0.915131,0.950587,0.603987
0.01,0.01,0.33,0.33,0.33,0.33,0.99,0.99,0.99,0.99,0.099117,0.915131,0.925880,0.905980
0.01,0.01,0.66,0.66,0.66,0.66,0.01,0.01,0.01,0.01,0.080888,0.896020,0.999060,0.008960
0.01,0.01,0.66,0.66,0.66,0.66,0.01,0.01,0.01,0.33,0.080888,0.896020,0.968987,0.295687
0.01,0.01,0.66,0.66,0.66,0.66,0.01,0.01,0.01,0.66,0.080888,0.896020,0.937973,0.591373
0.01,0.01,0.66,0.66,0.66,0.66,0.01,0.01,0.01,0.99,0.080888,0.896020,0.906960,0.887060
0.01,0.01,0.66,0.66,0.66,0.66,0.33,0.33,0.33,0.01,0.115306,0.928042,0.999380,0.009280
0.01,0.01,0.66,0.66,0.66,0.66,0.33,0.33,0.33,0.33,0.115306,0.928042,0.979554,0.306254
0.01,0.01,0.66,0.66,0.66,0.66,0.33,0.33,0.33,0.66,0.115306,0.928042,0.959108,0.612508
0.01,0.01,0.66,0.66,0.66,0.66,0.33,0.33,0.33,0.99,0.115306,0.928042,0.938662,0.918762
0.01,0.01,0.66,0.66,0.66,0.66,0.66,0.66,0.66,0.01,0.150800,0.946218,0.999562,0.009462
0.01,0.01,0.66,0.66,0.66,0.66,0.66,0.66,0.66,0.33,0.150800,0.946218,0.985552,0.312252
0.01,0.01,0.66,0.66,0.66,0.66,0.66,0.66,0.66,0.66,0.150800,0.946218,0.971104,0.624504
0.01,0.01,0.66,0.66,0.66,0.66,0.66,0.66,0.66,0.99,0.150800,0.946218,0.956656,0.936756
0.01,0.01,0.66,0.66,0.66,0.66,0.99,0.99,0.99,0.01,0.186293,0.957723,0.999677,0.009577
0.01,0.01,0.66,0.66,0.66,0.66,0.99,0.99,0.99,0.33,0.186293,0.957723,0.989349,0.316049
0.01,0.01,0.66,0.66,0.66,0.66,0.99,0.99,0.99,0.66,0.186293,0.957723,0.978697,0.632097
0.01,0.01,0.66,0.66,0.66,0.66,0.99,0.99,0.99,0.99,0.186293,0.957723,0.968046,0.948146
0.01,0.01,0.99,0.99,0.99,0.99,0.01,0.01,0.01,0.01,0.110776,0.924216,0.999342,0.009242
0.01,0.01,0.99,0.99,0.99,0.99,0.01,0.01,0.01,0.33,0.110776,0.924216,0.978291,0.304991
0.01,0.01,0.99,0.99,0.99,0.99,0.01,0.01,0.01,0.66,0.110776,0.924216,0.956582,0.609982
0.01,0.01,0.99,0.99,0.99,0.99,0.01,0.01,0.01,0.99,0.110776,0.924216,0.934873,0.914973
0.01,0.01,0.99,0.99,0.99,0.99,0.33,0.33,0.33,0.01,0.162381,0.950576,0.999606,0.009506
0.01,0.01,0.99,0.99,0.99,0.99,0.33,0.33,0.33,0.33,0.162381,0.950576,0.986990,0.313690
0.01,0.01,0.99,0.99,0.99,0.99,0.33,0.33,0.33,0.66,0.162381,0.950576,0.973980,0.627380
0.01,0.01,0.99,0.99,0.99,0.99,0.33,0.33,0.33,0.99,0.162381,0.950576,0.960970,0.941070
0.01,0.01,0.99,0.99,0.99,0.99,0.66,0.66,0.66,0.01,0.215598,0.964703,0.999747,0.009647
0.01,0.01,0.99,0.99,0.99,0.99,0.66,0.66,0.66,0.33,0.215598,0.964703,0.991652,0.318352
0.01,0.01,0.99,0.99,0.99,0.99,0.66,0.66,0.66,0.66,0.215598,0.964703,0.983304,0.636704
0.01,0.01,0.99,0.99,0.99,0.99,0.66,0.66,0.66,0.99,0.215598,0.964703,0.974956,0.955056
0.01,0.01,0.99,0.99,0.99,0.99,0.99,0.99,0.99,0.01,0.268815,0.973358,0.999834,0.009734
0.01,0.01,0.99,0.99,0.99,0.99,0.99,0.99,0.99,0.33,0.268815,0.973358,0.994508,0.321208
0.01,0.01,0.99,0.99,0.99,0.99,0.99,0.99,0.99,0.66,0.268815,0.973358,0.989016,0.642416
0.01,0.01,0.99,0.99,0.99,0.99,0.99,0.99,0.99,0.99,0.268815,0.973358,0.983525,0.963625
0.01,0.33,0.01,0.01,0.01,0.01,0.01,0.01,0.01,0.01,0.002638,0.147437,0.994774,0.001474
0.01,0.33,0.01,0.01,0.01,0.01,0.01,0.01,0.01,0.33,0.002638,0.147437,0.827554,0.048654
0.01,0.33,0.01,0.01,0.01,0.01,0.01,0.01,0.01,0.66,0.002638,0.147437,0.655108,0.097308
0.01,0.33,0.01,0.01,0.01,0.01,0.01,0.01,0.01,0.99,0.002638,0.147437,0.482662,0.145962
0.01,0.33,0.01,0.01,0.01,0.01,0.33,0.33,0.33,0.01,0.003373,0.185562,0.995156,0.001856
0.01,0.33,0.01,0.01,0.01,0.01,0.33,0.33,0.33,0.33,0.003373,0.185562,0.840135,0.061235
0.01,0.33,0.01,0.01,0.01,0.01,0.33,0.33,0.33,0.66,0.003373,0.185562,0.680271,0.122471
0.01,0.33,0.01,0.01,0.01,0.01,0.33,0.33,0.33,0.99,0.003373,0.185562,0.520406,0.183706
0.01,0.33,0.01,0.01,0.01,0.01,0.66,0.66,0.66,0.01,0.004131,0.221253,0.995513,0.002213
0.01,0.33,0.01,0.01,0.01,0.01,0.66,0.66,0.66,0.33,0.004131,0.221253,0.851913,0.073013
0.01,0.33,0.01,0.01,0.01,0.01,0.66,0.66,0.66,0.66,0.004131,0.221253,0.703827,0.146027
0.01,0.33,0.01,0.01,0.01,0.01,0.66,0.66,0.66,0.99,0.004131,0.221253,0.555740,0.219040
0.01,0.33,0.01,0.01,0.01,0.01,0.99,0.99,0.99,0.01,0.004889,0.253780,0.995838,0.002538
0.01,0.33,0.01,0.01,0.01,0.01,0.99,0.99,0.99,0.33,0.004889,0.253780,0.862647,0.083747
0.01,0.33,0.01,0.01,0.01,0.01,0.99,0.99,0.99,0.66,0.004889,0.253780,0.725295,0.167495
0.01,0.33,0.01,0.01,0.01,0.01,0.99,0.99,0.99,0.99,0.004889,0.253780,0.587942,0.251242
0.01,0.33,0.33,0.33,0.33,0.33,0.01,0.01,0.01,0.01,0.046114,0.670000,1.000000,0.006700
0.01,0.33,0.33,0.33,0.33,0.33,0.01,0.01,0.01,0.33,0.046114,0.670000,1.000000,0.221100
0.01,0.33,0.33,0.33,0.33,0.33,0.01,0.01,0.01,0.66,0.046114,0.670000,1.000000,0.442200
0.01,0.33,0.33,0.33,0.33,0.33,0.01,0.01,0.01,0.99,0.046114,0.670000,1.000000,0.663300
0.01,0.33,0.33,0.33,0.33,0.33,0.33,0.33,0.33,0.01,0.063422,0.670000,1.000000,0.006700
0.01,0.33,0.33,0.33,0.33,0.33,0.33,0.33,0.33,0.33,0.063422,0.670000,1.000000,0.221100
0.01,0.33,0.33,0.33,0.33,0.33,0.33,0.33,0.33,0.66,0.063422,0.670000,1.000000,0.442200
0.01,0.33,0.33,0.33,0.33,0.33,0.33,0.33,0.33,0.99,0.063422,0.670000,1.000000,0.663300
0.01,0.33,0.33,0.33,0.33,0.33,0.66,0.66,0.66,0.01,0.081269,0.670000,1.000000,0.006700
0.01,0.33,0.33,0.33,0.33,0.33,0.66,0.66,0.66,0.33,0.081269,0.670000,1.000000,0.221100
0.01,0.33,0.33,0.33,0.33,0.33,0.66,0.66,0.66,0.66,0.081269,0.670000,1.000000,0.442200
0.01,0.33,0.33,0.33,0.33,0.33,0.66,0.66,0.66,0.99,0.081269,0.670000,1.000000,0.663300
0.01,0.33,0.33,0.33,0.33,0.33,0.99,0.99,0.99,0.01,0.099117,0.670000,1.000000,0.006700
0.01,0.33,0.33,0.33,0.33,0.33,0.99,0.99,0.99,0.33,0.099117,0.670000,1.000000,0.221100
0.01,0.33,0.33,0.33,0.33,0.33,0.99,0.99,0.99,0.66,0.099117,0.670000,1.000000,0.442200
0.01,0.33,0.33,0.33,0.33,0.33,0.99,0.99,0.99,0.99,0.099117,0.670000,1.000000,0.663300
0.01,0.33,0.66,0.66,0.66,0.66,0.01,0.01,0.01,0.01,0.080888,0.670000,1.000000,0.006700
0.01,0.33,0.66,0.66,0.66,0.66,0.01,0.01,0.01,0.33,0.080888,0.670000,1.000000,0.221100
0.01,0.33,0.66,0.66,0.66,0.66,0.01,0.01,0.01,0.66,0.080888,0.670000,1.000000,0.442200
0.01,0.33,0.66,0.66,0.66,0.66,0.01,0.01,0.01,0.99,0.080888,0.670000,1.000000,0.663300
0.01,0.33,0.66,0.66,0.66,0.66,0.33,0.33,0.33,0.01,0.115306,0.670000,1.000000,0.006700
0.01,0.33,0.66,0.66,0.66,0.66,0.33,0.33,0.33,0.33,0.115306,0.670000,1.000000,0.221100
0.01,0.33,0.66,0.66,0.66,0.66,0.33,0.33,0.33,0.66,0.115306,0.670000,1.000000,0.442200
0.01,0.33,0.66,0.66,0.66,0.66,0.33,0.33,0.33,0.99,0.115306,0.670000,1.000000,0.663300
0.01,0.33,0.66,0.66,0.66,0.66,0.66,0.66,0.66,0.01,0.150800,0.670000,1.000000,0.006700
0.01,0.33,0.66,0.66,0.66,0.66,0.66,0.66,0.66,0.33,0.150800,0.670000,1.000000,0.221100
0.01,0.33,0.66,0.66,0.66,0.66,0.66,0.66,0.66,0.66,0.150800,0.670000,1.000000,0.442200
0.01,0.33,0.66,0.66,0.66,0.66,0.66,0.66,0.66,0.99,0.150800,0.670000,1.000000,0.663300
0.01,0.33,0.66,0.66,0.66,0.66,0.99,0.99,0.99,0.01,0.186293,0.670000,1.000000,0.006700
0.01,0.33,0.66,0.66,0.66,0.66,0.99,0.99,0.99,0.33,0.186293,0.670000,1.000000,0.221100
0.01,0.33,0.66,0.66,0.66,0.66,0.99,0.99,0.99,0.66,0.186293,0.670000,1.000000,0.442200
0.01,0.33,0.66,0.66,0.66,0.66,0.99,0.99,0.99,0.99,0.186293,0.670000,1.000000,0.663300
0.01,0.33,0.99,0.99,0.99,0.99,0.01,0.01,0.01,0.01,0.110776,0.670000,1.000000,0.006700
0.01,0.33,0.99,0.99,0.99,0.99,0.01,0.01,0.01,0.33,0.110776,0.670000,1.000000,0.221100
0.01,0.33,0.99,0.99,0.99,0.99,0.01,0.01,0.01,0.66,0.110776,0.670000,1.000000,0.442200
0.01,0.33,0.99,0.99,0.99,0.99,0.01,0.01,0.01,0.99,0.110776,0.670000,1.000000,0.663300
0.01,0.33,0.99,0.99,0.99,0.99,0.33,0.33,0.33,0.01,0.162381,0.670000,1.000000,0.006700
0.01,0.33,0.99,0.99,0.99,0.99,0.33,0.33,0.33,0.33,0.162381,0.670000,1.000000,0.221100
0.01,0.33,0.99,0.99,0.99,0.99,0.33,0.33,0.33,0.66,0.162381,0.670000,1.000000,0.442200
0.01,0.33,0.99,0.99,0.99,0.99,0.33,0.33,0.33,0.99,0.162381,0.670000,1.000000,0.663300
0.01,0.33,0.99,0.99,0.99,0.99,0.66,0.66,0.66,0.01,0.215598,0.670000,1.000000,0.006700
0.01,0.33,0.99,0.99,0.99,0.99,0.66,0.66,0.66,0.33,0.215598,0.670000,1.000000,0.221100
0.01,0.33,0.99,0.99,0.99,0.99,0.66,0.66,0.66,0.66,0.215598,0.670000,1.000000,0.442200
0.01,0.33,0.99,0.99,0.99,0.99,0.66,0.66,0.66,0.99,0.215598,0.670000,1.000000,0.663300
0.01,0.33,0.99,0.99,0.99,0.99,0.99,0.99,0.99,0.01,0.268815,0.670000,1.000000,0.006700
0.01,0.33,0.99,0.99,0.99,0.99,0.99,0.99,0.99,0.33,0.268815,0.670000,1.000000,0.221100
0.01,0.33,0.99,0.99,0.99,0.99,0.99,0.99,0.99,0.66,0.268815,0.670000,1.000000,0.442200
0.01,0.33,0.99,0.99,0.99,0.99,0.99,0.99,0.99,0.99,0.268815,0.670000,1.000000,0.663300
0.01,0.66,0.01,0.01,0.01,0.01,0.01,0.01,0.01,0.01,0.002638,0.147437,0.998074,0.001474
0.01,0.66,0.01,0.01,0.01,0.01,0.01,0.01,0.01,0.33,0.002638,0.147437,0.936454,0.048654
0.01,0.66,0.01,0.01,0.01,0.01,0.01,0.01,0.01,0.66,0.002638,0.147437,0.872908,0.097308
0.01,0.66,0.01,0.01,0.01,0.01,0.01,0.01,0.01,0.99,0.002638,0.147437,0.809362,0.145962
0.01,0.66,0.01,0.01,0.01,0.01,0.33,0.33,0.33,0.01,0.003373,0.185562,0.998456,0.001856
0.01,0.66,0.01,0.01,0.01,0.01,0.33,0.33,0.33,0.33,0.003373,0.185562,0.949035,0.061235
0.01,0.66,0.01,0.01,0.01,0.01,0.33,0.33,0.33,0.66,0.003373,0.185562,0.898071,0.122471
0.01,0.66,0.01,0.01,0.01,0.01,0.33,0.33,0.33,0.99,0.003373,0.185562,0.847106,0.183706
0.01,0.66,0.01,0.01,0.01,0.01,0.66,0.66,0.66,0.01,0.004131,0.221253,0.998813,0.002213
0.01,0.66,0.01,0.01,0.01,0.01,0.66,0.66,0.66,0.33,0.004131,0.221253,0.960813,0.073013
0.01,0.66,0.01,0.01,0.01,0.01,0.66,0.66,0.66,0.66,0.004131,0.221253,0.921627,0.146027
0.01,0.66,0.01,0.01,0.01,0.01,0.66,0.66,0.66,0.99,0.004131,0.221253,0.882440,0.219040
0.01,0.66,0.01,0.01,0.01,0.01,0.99,0.99,0.99,0.01,0.004889,0.253780,0.999138,0.002538
0.01,0.66,0.01,0.01,0.01,0.01,0.99,0.99,0.99,0.33,0.004889,0.253780,0.971547,0.083747
0.01,0.66,0.01,0.01,0.01,0.01,0.99,0.99,0.99,0.66,0.004889,0.253780,0.943095,0.167495
0.01,0.66,0.01,0.01,0.01,0.01,0.99,0.99,0.99,0.99,0.004889,0.253780,0.914642,0.251242
0.01,0.66,0.33,0.33,0.33,0.33,0.01,0.01,0.01,0.01,0.046114,0.340000,1.000000,0.003400
0.01,0.66,0.33,0.33,0.33,0.33,0.01,0.01,0.01,0.33,0.046114,0.340000,1.000000,0.112200
0.01,0.66,0.33,0.33,0.33,0.33,0.01,0.01,0.01,0.66,0.046114,0.340000,1.000000,0.224400
0.01,0.66,0.33,0.33,0.33,0.33,0.01,0.01,0.01,0.99,0.046114,0.340000,1.000000,0.336600
0.01,0.66,0.33,0.33,0.33,0.33,0.33,0.33,0.33,0.01,0.063422,0.340000,1.000000,0.003400
0.01,0.66,0.33,0.33,0.33,0.33,0.33,0.33,0.33,0.33,0.063422,0.340000,1.000000,0.112200
0.01,0.66,0.33,0.33,0.33,0.33,0.33,0.33,0.33,0.66,0.063422,0.340000,1.000000,0.224400
0.01,0.66,0.33,0.33,0.33,0.33,0.33,0.33,0.33,0.99,0.063422,0.340000,1.000000,0.336600
0.01,0.66,0.33,0.33,0.33,0.33,0.66,0.66,0.66,0.01,0.081269,0.340000,1.000000,0.003400
0.01,0.66,0.33,0.33,0.33,0.33,0.66,0.66,0.66,0.33,0.081269,0.340000,1.000000,0.112200
0.01,0.66,0.33,0.33,0.33,0.33,0.66,0.66,0.66,0.66,0.081269,0.340000,1.000000,0.224400
0.01,0.66,0.33,0.33,0.33,0.33,0.66,0.66,0.66,0.99,0.081269,0.340000,1.000000,0.336600
0.01,0.66,0.33,0.33,0.33,0.33,0.99,0.99,0.99,0.01,0.099117,0.340000,1.000000,0.003400
0.01,0.66,0.33,0.33,0.33,0.33,0.99,0.99,0.99,0.33,0.099117,0.340000,1.000000,0.112200
0.01,0.66,0.33,0.33,0.33,0.33,0.99,0.99,0.99,0.66,0.099117,0.340000,1.000000,0.224400
0.01,0.66,0.33,0.33,0.33,0.33,0.99,0.99,0.99,0.99,0.099117,0.340000,1.000000,0.336600
0.01,0.66,0.66,0.66,0.66,0.66,0.01,0.01,0.01,0.01,0.080888,0.340000,1.000000,0.003400
0.01,0.66,0.66,0.66,0.66,0.66,0.01,0.01,0.01,0.33,0.080888,0.340000,1.000000,0.112200
0.01,0.66,0.66,0.66,0.66,0.66,0.01,0.01,0.01,0.66,0.080888,0.340000,1.000000,0.224400
0.01,0.66,0.66,0.66,0.66,0.66,0.01,0.01,0.01,0.99,0.080888,0.340000,1.000000,0.336600
0.01,0.66,0.66,0.66,0.66,0.66,0.33,0.33,0.33,0.01,0.115306,0.340000,1.000000,0.003400
0.01,0.66,0.66,0.66,0.66,0.66,0.33,0.33,0.33,0.33,0.115306,0.340000,1.000000,0.112200
0.01,0.66,0.66,0.66,0.66,0.66,0.33,0.33,0.33,0.66,0.115306,0.340000,1.000000,0.224400
0.01,0.66,0.66,0.66,0.66,0.66,0.33,0.33,0.33,0.99,0.115306,0.340000,1.000000,0.336600
0.01,0.66,0.66,0.66,0.66,0.66,0.66,0.66,0.66,0.01,0.150800,0.340000,1.000000,0.003400
0.01,0.66,0.66,0.66,0.66,0.66,0.66,0.66,0.66,0.33,0.150800,0.340000,1.000000,0.112200
0.01,0.66,0.66,0.66,0.66,0.66,0.66,0.66,0.66,0.66,0.150800,0.340000,1.000000,0.224400
0.01,0.66,0.66,0.66,0.66,0.66,0.66,0.66,0.66,0.99,0.150800,0.340000,1.000000,0.336600
0.01,0.66,0.66,0.66,0.66,0.66,0.99,0.99,0.99,0.01,0.186293,0.340000,1.000000,0.003400
0.01,0.66,0.66,0.66,0.66,0.66,0.99,0.99,0.99,0.33,0.186293,0.340000,1.000000,0.112200
0.01,0.66,0.66,0.66,0.66,0.66,0.99,0.99,0.99,0.66,0.186293,0.340000,1.000000,0.224400
0.01,0.66,0.66,0.66,0.66,0.66,0.99,0.99,0.99,0.99,0.186293,0.340000,1.000000,0.336600
0.01,0.66,0.99,0.99,0.99,0.99,0.01,0.01,0.01,0.01,0.110776,0.340000,1.000000,0.003400
0.01,0.66,0.99,0.99,0.99,0.99,0.01,0.01,0.01,0.33,0.110776,0.340000,1.000000,0.112200
0.01,0.66,0.99,0.99,0.99,0.99,0.01,0.01,0.01,0.66,0.110776,0.340000,1.000000,0.224400
0.01,0.66,0.99,0.99,0.99,0.99,0.01,0.01,0.01,0.99,0.110776,0.340000,1.000000,0.336600
0.01,0.66,0.99,0.99,0.99,0.99,0.33,0.33,0.33,0.01,0.162381,0.340000,1.000000,0.003400
0.01,0.66,0.99,0.99,0.99,0.99,0.33,0.33,0.33,0.33,0.162381,0.340000,1.000000,0.112200
0.01,0.66,0.99,0.99,0.99,0.99,0.33,0.33,0.33,0.66,0.162381,0.340000,1.000000,0.224400
0.01,0.66,0.99,0.99,0.99,0.99,0.33,0.33,0.33,0.99,0.162381,0.340000,1.000000,0.336600
0.01,0.66,0.99,0.99,0.99,0.99,0.66,0.66,0.66,0.01,0.215598,0.340000,1.000000,0.003400
0.01,0.66,0.99,0.99,0.99,0.99,0.66,0.66,0.66,0.33,0.215598,0.340000,1.000000,0.112200
0.01,0.66,0.99,0.99,0.99,0.99,0.66,0.66,0.66,0.66,0.215598,0.340000,1.000000,0.224400
0.01,0.66,0.99,0.99,0.99,0.99,0.66,0.66,0.66,0.99,0.215598,0.340000,1.000000,0.336600
0.01,0.66,0.99,0.99,0.99,0.99,0.99,0.99,0.99,0.01,0.268815,0.340000,1.000000,0.003400
0.01,0.66,0.99,0.99,0.99,0.99,0.99,0.99,0.99,0.33,0.268815,0.340000,1.000000,0.112200
0.01,0.66,0.99,0.99,0.99,0.99,0.99,0.99,0.99,0.66,0.268815,0.340000,1.000000,0.224400
0.01,0.66,0.99,0.99,0.99,0.99,0.99,0.99,0.99,0.99,0.268815,0.340000,1.000000,0.336600
0.01,0.99,0.01,0.01,0.01,0.01,0.01,0.01,0.01,0.01,0.002638,0.010000,1.000000,0.000100
0.01,0.99,0.01,0.01,0.01,0.01,0.01,0.01,0.01,0.33,0.002638,0.010000,1.000000,0.003300
0.01,0.99,0.01,0.01,0.01,0.01,0.01,0.01,0.01,0.66,0.002638,0.010000,1.000000,0.006600
0.01,0.99,0.01,0.01,0.01,0.01,0.01,0.01,0.01,0.99,0.002638,0.010000,1.000000,0.009900
0.01,0.99,0.01,0.01,0.01,0.01,0.33,0.33,0.33,0.01,0.003373,0.010000,1.000000,0.000100
0.01,0.99,0.01,0.01,0.01,0.01,0.33,0.33,0.33,0.33,0.003373,0.010000,1.000000,0.003300
0.01,0.99,0.01,0.01,0.01,0.01,0.33,0.33,0.33,0.66,0.003373,0.010000,1.000000,0.006600
0.01,0.99,0.01,0.01,0.01,0.01,0.33,0.33,0.33,0.99,0.003373,0.010000,1.000000,0.009900
0.01,0.99,0.01,0.01,0.01,0.01,0.66,0.66,0.66,0.01,0.004131,0.010000,1.000000,0.000100
0.01,0.99,0.01,0.01,0.01,0.01,0.66,0.66,0.66,0.33,0.004131,0.010000,1.000000,0.003300
0.01,0.99,0.01,0.01,0.01,0.01,0.66,0.66,0.66,0.66,0.004131,0.010000,1.000000,0.006600
0.01,0.99,0.01,0.01,0.01,0.01,0.66,0.66,0.66,0.99,0.004131,0.010000,1.000000,0.009900
0.01,0.99,0.01,0.01,0.01,0.01,0.99,0.99,0.99,0.01,0.004889,0.010000,1.000000,0.000100
0.01,0.99,0.01,0.01,0.01,0.01,0.99,0.99,0.99,0.33,0.004889,0.010000,1.000000,0.003300
0.01,0.99,0.01,0.01,0.01,0.01,0.99,0.99,0.99,0.66,0.004889,0.010000,1.000000,0.006600
0.01,0.99,0.01,0.01,0.01,0.01,0.99,0.99,0.99,0.99,0.004889,0.010000,1.000000,0.009900
0.01,0.99,0.33,0.33,0.33,0.33,0.01,0.01,0.01,0.01,0.046114,0.010000,1.000000,0.000100
0.01,0.99,0.33,0.33,0.33,0.33,0.01,0.01,0.01,0.33,0.046114,0.010000,1.000000,0.003300
0.01,0.99,0.33,0.33,0.33,0.33,0.01,0.01,0.01,0.66,0.046114,0.010000,1.000000,0.006600
0.01,0.99,0.33,0.33,0.33,0.33,0.01,0.01,0.01,0.99,0.046114,0.010000,1.000000,0.009900
0.01,0.99,0.33,0.33,0.33,0.33,0.33,0.33,0.33,0.01,0.063422,0.010000,1.000000,0.000100
0.01,0.99,0.33,0.33,0.33,0.33,0.33,0.33,0.33,0.33,0.063422,0.010000,1.000000,0.003300
0.01,0.99,0.33,0.33,0.33,0.33,0.33,0.33,0.33,0.66,0.063422,0.010000,1.000000,0.006600
0.01,0.99,0.33,0.33,0.33,0.33,0.33,0.33,0.33,0.99,0.063422,0.010000,1.000000,0.009900
0.01,0.99,0.33,0.33,0.33,0.33,0.66,0.66,0.66,0.01,0.081269,0.010000,1.000000,0.000100
0.01,0.99,0.33,0.33,0.33,0.33,0.66,0.66,0.66,0.33,0.081269,0.010000,1.000000,0.003300
0.01,0.99,0.33,0.33,0.33,0.33,0.66,0.66,0.66,0.66,0.081269,0.010000,1.000000,0.006600
0.01,0.99,0.33,0.33,0.33,0.33,0.66,0.66,0.66,0.99,0.081269,0.010000,1.000000,0.009900
0.01,0.99,0.33,0.33,0.33,0.33,0.99,0.99,0.99,0.01,0.099117,0.010000,1.000000,0.000100
0.01,0.99,0.33,0.33,0.33,0.33,0.99,0.99,0.99,0.33,0.099117,0.010000,1.000000,0.003300
0.01,0.99,0.33,0.33,0.33,0.33,0.99,0.99,0.99,0.66,0.099117,0.010000,1.000000,0.006600
0.01,0.99,0.33,0.33,0.33,0.33,0.99,0.99,0.99,0.99,0.099117,0.010000,1.000000,0.009900
0.01,0.99,0.66,0.66,0.66,0.66,0.01,0.01,0.01,0.01,0.080888,0.010000,1.000000,0.000100
0.01,0.99,0.66,0.66,0.66,0.66,0.01,0.01,0.01,0.33,0.080888,0.010000,1.000000,0.003300
0.01,0.99,0.66,0.66,0.66,0.66,0.01,0.01,0.01,0.66,0.080888,0.010000,1.000000,0.006600
0.01,0.99,0.66,0.66,0.66,0.66,0.01,0.01,0.01,0.99,0.080888,0.010000,1.000000,0.009900
0.01,0.99,0.66,0.66,0.66,0.66,0.33,0.33,0.33,0.01,0.115306,0.010000,1.000000,0.000100
0.01,0.99,0.66,0.66,0.66,0.66,0.33,0.33,0.33,0.33,0.115306,0.010000,1.000000,0.003300
0.01,0.99,0.66,0.66,0.66,0.66,0.33,0.33,0.33,0.66,0.115306,0.010000,1.000000,0.006600
0.01,0.99,0.66,0.66,0.66,0.66,0.33,0.33,0.33,0.99,0.115306,0.010000,1.000000,0.009900
0.01,0.99,0.66,0.66,0.66,0.66,0.66,0.66,0.66,0.01,0.150800,0.010000,1.000000,0.000100
0.01,0.99,0.66,0.66,0.66,0.66,0.66,0.66,0.66,0.33,0.150800,0.010000,1.000000,0.003300
0.01,0.99,0.66,0.66,0.66,0.66,0.66,0.66,0.66,0.66,0.150800,0.010000,1.000000,0.006600
0.01,0.99,0.66,0.66,0.66,0.66,0.66,0.66,0.66,0.99,0.150800,0.010000,1.000000,0.009900
0.01,0.99,0.66,0.66,0.66,0.66,0.99,0.99,0.99,0.01,0.186293,0.010000,1.000000,0.000100
0.01,0.99,0.66,0.66,0.66,0.66,0.99,0.99,0.99,0.33,0.186293,0.010000,1.000000,0.003300
0.01,0.99,0.66,0.66,0.66,0.66,0.99,0.99,0.99,0.66,0.186293,0.010000,1.000000,0.006600
0.01,0.99,0.66,0.66,0.66,0.66,0.99,0.99,0.99,0.99,0.186293,0.010000,1.000000,0.009900
0.01,0.99,0.99,0.99,0.99,0.99,0.01,0.01,0.01,0.01,0.110776,0.010000,1.000000,0.000100
0.01,0.99,0.99,0.99,0.99,0.99,0.01,0.01,0.01,0.33,0.110776,0.010000,1.000000,0.003300
0.01,0.99,0.99,0.99,0.99,0.99,0.01,0.01,0.01,0.66,0.110776,0.010000,1.000000,0.006600
0.01,0.99,0.99,0.99,0.99,0.99,0.01,0.01,0.01,0.99,0.110776,0.010000,1.000000,0.009900
0.01,0.99,0.99,0.99,0.99,0.99,0.33,0.33,0.33,0.01,0.162381,0.010000,1.000000,0.000100
0.01,0.99,0.99,0.99,0.99,0.99,0.33,0.33,0.33,0.33,0.162381,0.010000,1.000000,0.003300
0.01,0.99,0.99,0.99,0.99,0.99,0.33,0.33,0.33,0.66,0.162381,0.010000,1.000000,0.006600
0.01,0.99,0.99,0.99,0.99,0.99,0.33,0.33,0.33,0.99,0.162381,0.010000,1.000000,0.009900
0.01,0.99,0.99,0.99,0.99,0.99,0.66,0.66,0.66,0.01,0.215598,0.010000,1.000000,0.000100
0.01,0.99,0.99,0.99,0.99,0.99,0.66,0.66,0.66,0.33,0.215598,0.010000,1.000000,0.003300
0.01,0.99,0.99,0.99,0.99,0.99,0.66,0.66,0.66,0.66,0.215598,0.010000,1.000000,0.006600
0.01,0.99,0.99,0.99,0.99,0.99,0.66,0.66,0.66,0.99,0.215598,0.010000,1.000000,0.009900
0.01,0.99,0.99,0.99,0.99,0.99,0.99,0.99,0.99,0.01,0.268815,0.010000,1.000000,0.000100
0.01,0.99,0.99,0.99,0.99,0.99,0.99,0.99,0.99,0.33,0.268815,0.010000,1.000000,0.003300
0.01,0.99,0.99,0.99,0.99,0.99,0.99,0.99,0.99,0.66,0.268815,0.010000,1.000000,0.006600
0.01,0.99,0.99,0.99,0.99,0.99,0.99,0.99,0.99,0.99,0.268815,0.010000,1.000000,0.009900
0.33,0.01,0.01,0.01,0.01,0.01,0.01,0.01,0.01,0.01,0.002638,0.003537,0.990135,0.000035
0.33,0.01,0.01,0.01,0.01,0.01,0.01,0.01,0.01,0.33,0.002638,0.003537,0.674467,0.001167
0.33,0.01,0.01,0.01,0.01,0.01,0.01,0.01,0.01,0.66,0.002638,0.003537,0.348934,0.002334
0.33,0.01,0.01,0.01,0.01,0.01,0.01,0.01,0.01,0.99,0.002638,0.003537,0.023402,0.003502
0.33,0.01,0.01,0.01,0.01,0.01,0.33,0.33,0.33,0.01,0.003373,0.004657,0.990147,0.000047
0.33,0.01,0.01,0.01,0.01,0.01,0.33,0.33,0.33,0.33,0.003373,0.004657,0.674837,0.001537
0.33,0.01,0.01,0.01,0.01,0.01,0.33,0.33,0.33,0.66,0.003373,0.004657,0.349674,0.003074
0.33,0.01,0.01,0.01,0.01,0.01,0.33,0.33,0.33,0.99,0.003373,0.004657,0.024510,0.004610
0.33,0.01,0.01,0.01,0.01,0.01,0.66,0.66,0.66,0.01,0.004131,0.005810,0.990158,0.000058
0.33,0.01,0.01,0.01,0.01,0.01,0.66,0.66,0.66,0.33,0.004131,0.005810,0.675217,0.001917
0.33,0.01,0.01,0.01,0.01,0.01,0.66,0.66,0.66,0.66,0.004131,0.005810,0.350435,0.003835
0.33,0.01,0.01,0.01,0.01,0.01,0.66,0.66,0.66,0.99,0.004131,0.005810,0.025652,0.005752
0.33,0.01,0.01,0.01,0.01,0.01,0.99,0.99,0.99,0.01,0.004889,0.006963,0.990170,0.000070
0.33,0.01,0.01,0.01,0.01,0.01,0.99,0.99,0.99,0.33,0.004889,0.006963,0.675598,0.002298
0.33,0.01,0.01,0.01,0.01,0.01,0.99,0.99,0.99,0.66,0.004889,0.006963,0.351195,0.004595
0.33,0.01,0.01,0.01,0.01,0.01,0.99,0.99,0.99,0.99,0.004889,0.006963,0.026793,0.006893
0.33,0.01,0.33,0.33,0.33,0.33,0.01,0.01,0.01,0.01,0.046114,0.088694,0.990987,0.000887
0.33,0.01,0.33,0.33,0.33,0.33,0.01,0.01,0.01,0.33,0.046114,0.088694,0.702569,0.029269
0.33,0.01,0.33,0.33,0.33,0.33,0.01,0.01,0.01,0.66,0.046114,0.088694,0.405138,0.058538
0.33,0.01,0.33,0.33,0.33,0.33,0.01,0.01,0.01,0.99,0.046114,0.088694,0.107708,0.087808
0.33,0.01,0.33,0.33,0.33,0.33,0.33,0.33,0.33,0.01,0.063422,0.120167,0.991302,0.001202
0.33,0.01,0.33,0.33,0.33,0.33,0.33,0.33,0.33,0.33,0.063422,0.120167,0.712955,0.039655
0.33,0.01,0.33,0.33,0.33,0.33,0.33,0.33,0.33,0.66,0.063422,0.120167,0.425910,0.079310
0.33,0.01,0.33,0.33,0.33,0.33,0.33,0.33,0.33,0.99,0.063422,0.120167,0.138865,0.118965
0.33,0.01,0.33,0.33,0.33,0.33,0.66,0.66,0.66,0.01,0.081269,0.151504,0.991615,0.001515
0.33,0.01,0.33,0.33,0.33,0.33,0.66,0.66,0.66,0.33,0.081269,0.151504,0.723296,0.049996
0.33,0.01,0.33,0.33,0.33,0.33,0.66,0.66,0.66,0.66,0.081269,0.151504,0.446592,0.099992
0.33,0.01,0.33,0.33,0.33,0.33,0.66,0.66,0.66,0.99,0.081269,0.151504,0.169889,0.149989
0.33,0.01,0.33,0.33,0.33,0.33,0.99,0.99,0.99,0.01,0.099117,0.181764,0.991918,0.001818
0.33,0.01,0.33,0.33,0.33,0.33,0.99,0.99,0.99,0.33,0.099117,0.181764,0.733282,0.059982
0.33,0.01,0.33,0.33,0.33,0.33,0.99,0.99,0.99,0.66,0.099117,0.181764,0.466564,0.119964
0.33,0.01,0.33,0.33,0.33,0.33,0.99,0.99,0.99,0.99,0.099117,0.181764,0.199846,0.179946
0.33,0.01,0.66,0.66,0.66,0.66,0.01,0.01,0.01,0.01,0.080888,0.151559,0.991616,0.001516
0.33,0.01,0.66,0.66,0.66,0.66,0.01,0.01,0.01,0.33,0.080888,0.151559,0.723315,0.050015
0.33,0.01,0.66,0.66,0.66,0.66,0.01,0.01,0.01,0.66,0.080888,0.151559,0.446629,0.100029
0.33,0.01,0.66,0.66,0.66,0.66,0.01,0.01,0.01,0.99,0.080888,0.151559,0.169944,0.150044
0.33,0.01,0.66,0.66,0.66,0.66,0.33,0.33,0.33,0.01,0.115306,0.209506,0.992195,0.002095
0.33,0.01,0.66,0.66,0.66,0.66,0.33,0.33,0.33,0.33,0.115306,0.209506,0.742437,0.069137
0.33,0.01,0.66,0.66,0.66,0.66,0.33,0.33,0.33,0.66,0.115306,0.209506,0.484874,0.138274
0.33,0.01,0.66,0.66,0.66,0.66,0.33,0.33,0.33,0.99,0.115306,0.209506,0.227311,0.207411
0.33,0.01,0.66,0.66,0.66,0.66,0.66,0.66,0.66,0.01,0.150800,0.265433,0.992754,0.002654
0.33,0.01,0.66,0.66,0.66,0.66,0.66,0.66,0.66,0.33,0.150800,0.265433,0.760893,0.087593
0.33,0.01,0.66,0.66,0.66,0.66,0.66,0.66,0.66,0.66,0.150800,0.265433,0.521786,0.175186
0.33,0.01,0.66,0.66,0.66,0.66,0.66,0.66,0.66,0.99,0.150800,0.265433,0.282679,0.262779
0.33,0.01,0.66,0.66,0.66,0.66,0.99,0.99,0.99,0.01,0.186293,0.317841,0.993278,0.003178
0.33,0.01,0.66,0.66,0.66,0.66,0.99,0.99,0.99,0.33,0.186293,0.317841,0.778188,0.104888
0.33,0.01,0.66,0.66,0.66,0.66,0.99,0.99,0.99,0.66,0.186293,0.317841,0.556375,0.209775
0.33,0.01,0.66,0.66,0.66,0.66,0.99,0.99,0.99,0.99,0.186293,0.317841,0.334563,0.314663
0.33,0.01,0.99,0.99,0.99,0.99,0.01,0.01,0.01,0.01,0.110776,0.202233,0.992122,0.002022
0.33,0.01,0.99,0.99,0.99,0.99,0.01,0.01,0.01,0.33,0.110776,0.202233,0.740037,0.066737
0.33,0.01,0.99,0.99,0.99,0.99,0.01,0.01,0.01,0.66,0.110776,0.202233,0.480074,0.133474
0.33,0.01,0.99,0.99,0.99,0.99,0.01,0.01,0.01,0.99,0.110776,0.202233,0.220110,0.200210
0.33,0.01,0.99,0.99,0.99,0.99,0.33,0.33,0.33,0.01,0.162381,0.283367,0.992934,0.002834
0.33,0.01,0.99,0.99,0.99,0.99,0.33,0.33,0.33,0.33,0.162381,0.283367,0.766811,0.093511
0.33,0.01,0.99,0.99,0.99,0.99,0.33,0.33,0.33,0.66,0.162381,0.283367,0.533622,0.187022
0.33,0.01,0.99,0.99,0.99,0.99,0.33,0.33,0.33,0.99,0.162381,0.283367,0.300433,0.280533
0.33,0.01,0.99,0.99,0.99,0.99,0.66,0.66,0.66,0.01,0.215598,0.359453,0.993695,0.003595
0.33,0.01,0.99,0.99,0.99,0.99,0.66,0.66,0.66,0.33,0.215598,0.359453,0.791919,0.118619
0.33,0.01,0.99,0.99,0.99,0.99,0.66,0.66,0.66,0.66,0.215598,0.359453,0.583839,0.237239
0.33,0.01,0.99,0.99,0.99,0.99,0.66,0.66,0.66,0.99,0.215598,0.359453,0.375758,0.355858
0.33,0.01,0.99,0.99,0.99,0.99,0.99,0.99,0.99,0.01,0.268815,0.428859,0.994389,0.004289
0.33,0.01,0.99,0.99,0.99,0.99,0.99,0.99,0.99,0.33,0.268815,0.428859,0.814823,0.141523
0.33,0.01,0.99,0.99,0.99,0.99,0.99,0.99,0.99,0.66,0.268815,0.428859,0.629647,0.283047
0.33,0.01,0.99,0.99,0.99,0.99,0.99,0.99,0.99,0.99,0.268815,0.428859,0.444470,0.424570
0.33,0.33,0.01,0.01,0.01,0.01,0.01,0.01,0.01,0.01,0.002638,0.003537,0.993335,0.000035
0.33,0.33,0.01,0.01,0.01,0.01,0.01,0.01,0.01,0.33,0.002638,0.003537,0.780067,0.001167
0.33,0.33,0.01,0.01,0.01,0.01,0.01,0.01,0.01,0.66,0.002638,0.003537,0.560134,0.002334
0.33,0.33,0.01,0.01,0.01,0.01,0.01,0.01,0.01,0.99,0.002638,0.003537,0.340202,0.003502
0.33,0.33,0.01,0.01,0.01,0.01,0.33,0.33,0.33,0.01,0.003373,0.004657,0.993347,0.000047
0.33,0.33,0.01,0.01,0.01,0.01,0.33,0.33,0.33,0.33,0.003373,0.004657,0.780437,0.001537
0.33,0.33,0.01,0.01,0.01,0.01,0.33,0.33,0.33,0.66,0.003373,0.004657,0.560874,0.003074
0.33,0.33,0.01,0.01,0.01,0.01,0.33,0.33,0.33,0.99,0.003373,0.004657,0.341310,0.004610
0.33,0.33,0.01,0.01,0.01,0.01,0.66,0.66,0.66,0.01,0.004131,0.005810,0.993358,0.000058
0.33,0.33,0.01,0.01,0.01,0.01,0.66,0.66,0.66,0.33,0.004131,0.005810,0.780817,0.001917
0.33,0.33,0.01,0.01,0.01,0.01,0.66,0.66,0.66,0.66,0.004131,0.005810,0.561635,0.003835
0.33,0.33,0.01,0.01,0.01,0.01,0.66,0.66,0.66,0.99,0.004131,0.005810,0.342452,0.005752
0.33,0.33,0.01,0.01,0.01,0.01,0.99,0.99,0.99,0.01,0.004889,0.006963,0.993370,0.000070
0.33,0.33,0.01,0.01,0.01,0.01,0.99,0.99,0.99,0.33,0.004889,0.006963,0.781198,0.002298
0.33,0.33,0.01,0.01,0.01,0.01,0.99,0.99,0.99,0.66,0.004889,0.006963,0.562395,0.004595
0.33,0.33,0.01,0.01,0.01,0.01,0.99,0.99,0.99,0.99,0.004889,0.006963,0.343593,0.006893
0.33,0.33,0.33,0.33,0.33,0.33,0.01,0.01,0.01,0.01,0.046114,0.088694,0.994187,0.000887
0.33,0.33,0.33,0.33,0.33,0.33,0.01,0.01,0.01,0.33,0.046114,0.088694,0.808169,0.029269
0.33,0.33,0.33,0.33,0.33,0.33,0.01,0.01,0.01,0.66,0.046114,0.088694,0.616338,0.058538
0.33,0.33,0.33,0.33,0.33,0.33,0.01,0.01,0.01,0.99,0.046114,0.088694,0.424508,0.087808
0.33,0.33,0.33,0.33,0.33,0.33,0.33,0.33,0.33,0.01,0.063422,0.120167,0.994502,0.001202
0.33,0.33,0.33,0.33,0.33,0.33,0.33,0.33,0.33,0.33,0.063422,0.120167,0.818555,0.039655
0.33,0.33,0.33,0.33,0.33,0.33,0.33,0.33,0.33,0.66,0.063422,0.120167,0.637110,0.079310
0.33,0.33,0.33,0.33,0.33,0.33,0.33,0.33,0.33,0.99,0.063422,0.120167,0.455665,0.118965
0.33,0.33,0.33,0.33,0.33,0.33,0.66,0.66,0.66,0.01,0.081269,0.151504,0.994815,0.001515
0.33,0.33,0.33,0.33,0.33,0.33,0.66,0.66,0.66,0.33,0.081269,0.151504,0.828896,0.049996
0.33,0.33,0.33,0.33,0.33,0.33,0.66,0.66,0.66,0.66,0.081269,0.151504,0.657792,0.099992
0.33,0.33,0.33,0.33,0.33,0.33,0.66,0.66,0.66,0.99,0.081269,0.151504,0.486689,0.149989
0.33,0.33,0.33,0.33,0.33,0.33,0.99,0.99,0.99,0.01,0.099117,0.181764,0.995118,0.001818
0.33,0.33,0.33,0.33,0.33,0.33,0.99,0.99,0.99,0.33,0.099117,0.181764,0.838882,0.059982
0.33,0.33,0.33,0.33,0.33,0.33,0.99,0.99,0.99,0.66,0.099117,0.181764,0.677764,0.119964
0.33,0.33,0.33,0.33,0.33,0.33,0.99,0.99,0.99,0.99,0.099117,0.181764,0.516646,0.179946
0.33,0.33,0.66,0.66,0.66,0.66,0.01,0.01,0.01,0.01,0.080888,0.151559,0.994816,0.001516
0.33,0.33,0.66,0.66,0.66,0.66,0.01,0.01,0.01,0.33,0.080888,0.151559,0.828915,0.050015
0.33,0.33,0.66,0.66,0.66,0.66,0.01,0.01,0.01,0.66,0.080888,0.151559,0.657829,0.100029
0.33,0.33,0.66,0.66,0.66,0.66,0.01,0.01,0.01,0.99,0.080888,0.151559,0.486744,0.150044
0.33,0.33,0.66,0.66,0.66,0.66,0.33,0.33,0.33,0.01,0.115306,0.209506,0.995395,0.002095
0.33,0.33,0.66,0.66,0.66,0.66,0.33,0.33,0.33,0.33,0.115306,0.209506,0.848037,0.069137
0.33,0.33,0.66,0.66,0.66,0.66,0.33,0.33,0.33,0.66,0.115306,0.209506,0.696074,0.138274
0.33,0.33,0.66,0.66,0.66,0.66,0.33,0.33,0.33,0.99,0.115306,0.209506,0.544111,0.207411
0.33,0.33,0.66,0.66,0.66,0.66,0.66,0.66,0.66,0.01,0.150800,0.265433,0.995954,0.002654
0.33,0.33,0.66,0.66,0.66,0.66,0.66,0.66,0.66,0.33,0.150800,0.265433,0.866493,0.087593
0.33,0.33,0.66,0.66,0.66,0.66,0.66,0.66,0.66,0.66,0.150800,0.265433,0.732986,0.175186
0.33,0.33,0.66,0.66,0.66,0.66,0.66,0.66,0.66,0.99,0.150800,0.265433,0.599479,0.262779
0.33,0.33,0.66,0.66,0.66,0.66,0.99,0.99,0.99,0.01,0.186293,0.317841,0.996478,0.003178
0.33,0.33,0.66,0.66,0.66,0.66,0.99,0.99,0.99,0.33,0.186293,0.317841,0.883788,0.104888
0.33,0.33,0.66,0.66,0.66,0.66,0.99,0.99,0.99,0.66,0.186293,0.317841,0.767575,0.209775
0.33,0.33,0.66,0.66,0.66,0.66,0.99,0.99,0.99,0.99,0.186293,0.317841,0.651363,0.314663
0.33,0.33,0.99,0.99,0.99,0.99,0.01,0.01,0.01,0.01,0.110776,0.202233,0.995322,0.002022
0.33,0.33,0.99,0.99,0.99,0.99,0.01,0.01,0.01,0.33,0.110776,0.202233,0.845637,0.066737
0.33,0.33,0.99,0.99,0.99,0.99,0.01,0.01,0.01,0.66,0.110776,0.202233,0.691274,0.133474
0.33,0.33,0.99,0.99,0.99,0.99,0.01,0.01,0.01,0.99,0.110776,0.202233,0.536910,0.200210
0.33,0.33,0.99,0.99,0.99,0.99,0.33,0.33,0.33,0.01,0.162381,0.283367,0.996134,0.002834
0.33,0.33,0.99,0.99,0.99,0.99,0.33,0.33,0.33,0.33,0.162381,0.283367,0.872411,0.093511
0.33,0.33,0.99,0.99,0.99,0.99,0.33,0.33,0.33,0.66,0.162381,0.283367,0.744822,0.187022
0.33,0.33,0.99,0.99,0.99,0.99,0.33,0.33,0.33,0.99,0.162381,0.283367,0.617233,0.280533
0.33,0.33,0.99,0.99,0.99,0.99,0.66,0.66,0.66,0.01,0.215598,0.359453,0.996895,0.003595
0.33,0.33,0.99,0.99,0.99,0.99,0.66,0.66,0.66,0.33,0.215598,0.359453,0.897519,0.118619
0.33,0.33,0.99,0.99,0.99,0.99,0.66,0.66,0.66,0.66,0.215598,0.359453,0.795039,0.237239
0.33,0.33,0.99,0.99,0.99,0.99,0.66,0.66,0.66,0.99,0.215598,0.359453,0.692558,0.355858
0.33,0.33,0.99,0.99,0.99,0.99,0.99,0.99,0.99,0.01,0.268815,0.428859,0.997589,0.004289
0.33,0.33,0.99,0.99,0.99,0.99,0.99,0.99,0.99,0.33,0.268815,0.428859,0.920423,0.141523
0.33,0.33,0.99,0.99,0.99,0.99,0.99,0.99,0.99,0.66,0.268815,0.428859,0.840847,0.283047
0.33,0.33,0.99,0.99,0.99,0.99,0.99,0.99,0.99,0.99,0.268815,0.428859,0.761270,0.424570
0.33,0.66,0.01,0.01,0.01,0.01,0.01,0.01,0.01,0.01,0.002638,0.003537,0.996635,0.000035
0.33,0.66,0.01,0.01,0.01,0.01,0.01,0.01,0.01,0.33,0.002638,0.003537,0.888967,0.001167
0.33,0.66,0.01,0.01,0.01,0.01,0.01,0.01,0.01,0.66,0.002638,0.003537,0.777934,0.002334
0.33,0.66,0.01,0.01,0.01,0.01,0.01,0.01,0.01,0.99,0.002638,0.003537,0.666902,0.003502
0.33,0.66,0.01,0.01,0.01,0.01,0.33,0.33,0.33,0.01,0.003373,0.004657,0.996647,0.000047
0.33,0.66,0.01,0.01,0.01,0.01,0.33,0.33,0.33,0.33,0.003373,0.004657,0.889337,0.001537
0.33,0.66,0.01,0.01,0.01,0.01,0.33,0.33,0.33,0.66,0.003373,0.004657,0.778674,0.003074
0.33,0.66,0.01,0.01,0.01,0.01,0.33,0.33,0.33,0.99,0.003373,0.004657,0.668010,0.004610
0.33,0.66,0.01,0.01,0.01,0.01,0.66,0.66,0.66,0.01,0.004131,0.005810,0.996658,0.000058
0.33,0.66,0.01,0.01,0.01,0.01,0.66,0.66,0.66,0.33,0.004131,0.005810,0.889717,0.001917
0.33,0.66,0.01,0.01,0.01,0.01,0.66,0.66,0.66,0.66,0.004131,0.005810,0.779435,0.003835
0.33,0.66,0.01,0.01,0.01,0.01,0.66,0.66,0.66,0.99,0.004131,0.005810,0.669152,0.005752
0.33,0.66,0.01,0.01,0.01,0.01,0.99,0.99,0.99,0.01,0.004889,0.006963,0.996670,0.000070
0.33,0.66,0.01,0.01,0.01,0.01,0.99,0.99,0.99,0.33,0.004889,0.006963,0.890098,0.002298
0.33,0.66,0.01,0.01,0.01,0.01,0.99,0.99,0.99,0.66,0.004889,0.006963,0.780195,0.004595
0.33,0.66,0.01,0.01,0.01,0.01,0.99,0.99,0.99,0.99,0.004889,0.006963,0.670293,0.006893
0.33,0.66,0.33,0.33,0.33,0.33,0.01,0.01,0.01,0.01,0.046114,0.088694,0.997487,0.000887
0.33,0.66,0.33,0.33,0.33,0.33,0.01,0.01,0.01,0.33,0.046114,0.088694,0.917069,0.029269
0.33,0.66,0.33,0.33,0.33,0.33,0.01,0.01,0.01,0.66,0.046114,0.088694,0.834138,0.058538
0.33,0.66,0.33,0.33,0.33,0.33,0.01,0.01,0.01,0.99,0.046114,0.088694,0.751208,0.087808
0.33,0.66,0.33,0.33,0.33,0.33,0.33,0.33,0.33,0.01,0.063422,0.120167,0.997802,0.001202
0.33,0.66,0.33,0.33,0.33,0.33,0.33,0.33,0.33,0.33,0.063422,0.120167,0.927455,0.039655
0.33,0.66,0.33,0.33,0.33,0.33,0.33,0.33,0.33,0.66,0.063422,0.120167,0.854910,0.079310
0.33,0.66,0.33,0.33,0.33,0.33,0.33,0.33,0.33,0.99,0.063422,0.120167,0.782365,0.118965
0.33,0.66,0.33,0.33,0.33,0.33,0.66,0.66,0.66,0.01,0.081269,0.151504,0.998115,0.001515
0.33,0.66,0.33,0.33,0.33,0.33,0.66,0.66,0.66,0.33,0.081269,0.151504,0.937796,0.049996
0.33,0.66,0.33,0.33,0.33,0.33,0.66,0.66,0.66,0.66,0.081269,0.151504,0.875593,0.099992
0.33,0.66,0.33,0.33,0.33,0.33,0.66,0.66,0.66,0.99,0.081269,0.151504,0.813389,0.149989
0.33,0.66,0.33,0.33,0.33,0.33,0.99,0.99,0.99,0.01,0.099117,0.181764,0.998418,0.001818
0.33,0.66,0.33,0.33,0.33,0.33,0.99,0.99,0.99,0.33,0.099117,0.181764,0.947782,0.059982
0.33,0.66,0.33,0.33,0.33,0.33,0.99,0.99,0.99,0.66,0.099117,0.181764,0.895564,0.119964
0.33,0.66,0.33,0.33,0.33,0.33,0.99,0.99,0.99,0.99,0.099117,0.181764,0.843346,0.179946
0.33,0.66,0.66,0.66,0.66,0.66,0.01,0.01,0.01,0.01,0.080888,0.151559,0.998116,0.001516
0.33,0.66,0.66,0.66,0.66,0.66,0.01,0.01,0.01,0.33,0.080888,0.151559,0.937815,0.050015
0.33,0.66,0.66,0.66,0.66,0.66,0.01,0.01,0.01,0.66,0.080888,0.151559,0.875629,0.100029
0.33,0.66,0.66,0.66,0.66,0.66,0.01,0.01,0.01,0.99,0.080888,0.151559,0.813444,0.150044
0.33,0.66,0.66,0.66,0.66,0.66,0.33,0.33,0.33,0.01,0.115306,0.209506,0.998695,0.002095
0.33,0.66,0.66,0.66,0.66,0.66,0.33,0.33,0.33,0.33,0.115306,0.209506,0.956937,0.069137
0.33,0.66,0.66,0.66,0.66,0.66,0.33,0.33,0.33,0.66,0.115306,0.209506,0.913874,0.138274
0.33,0.66,0.66,0.66,0.66,0.66,0.33,0.33,0.33,0.99,0.115306,0.209506,0.870811,0.207411
0.33,0.66,0.66,0.66,0.66,0.66,0.66,0.66,0.66,0.01,0.150800,0.265433,0.999254,0.002654
0.33,0.66,0.66,0.66,0.66,0.66,0.66,0.66,0.66,0.33,0.150800,0.265433,0.975393,0.087593
0.33,0.66,0.66,0.66,0.66,0.66,0.66,0.66,0.66,0.66,0.150800,0.265433,0.950786,0.175186
0.33,0.66,0.66,0.66,0.66,0.66,0.66,0.66,0.66,0.99,0.150800,0.265433,0.926179,0.262779
0.33,0.66,0.66,0.66,0.66,0.66,0.99,0.99,0.99,0.01,0.186293,0.317841,0.999778,0.003178
0.33,0.66,0.66,0.66,0.66,0.66,0.99,0.99,0.99,0.33,0.186293,0.317841,0.992688,0.104888
0.33,0.66,0.66,0.66,0.66,0.66,0.99,0.99,0.99,0.66,0.186293,0.317841,0.985375,0.209775
0.33,0.66,0.66,0.66,0.66,0.66,0.99,0.99,0.99,0.99,0.186293,0.317841,0.978063,0.314663
0.33,0.66,0.99,0.99,0.99,0.99,0.01,0.01,0.01,0.01,0.110776,0.202233,0.998622,0.002022
0.33,0.66,0.99,0.99,0.99,0.99,0.01,0.01,0.01,0.33,0.110776,0.202233,0.954537,0.066737
0.33,0.66,0.99,0.99,0.99,0.99,0.01,0.01,0.01,0.66,0.110776,0.202233,0.909074,0.133474
0.33,0.66,0.99,0.99,0.99,0.99,0.01,0.01,0.01,0.99,0.110776,0.202233,0.863610,0.200210
0.33,0.66,0.99,0.99,0.99,0.99,0.33,0.33,0.33,0.01,0.162381,0.283367,0.999434,0.002834
0.33,0.66,0.99,0.99,0.99,0.99,0.33,0.33,0.33,0.33,0.162381,0.283367,0.981311,0.093511
0.33,0.66,0.99,0.99,0.99,0.99,0.33,0.33,0.33,0.66,0.162381,0.283367,0.962622,0.187022
0.33,0.66,0.99,0.99,0.99,0.99,0.33,0.33,0.33,0.99,0.162381,0.283367,0.943933,0.280533
0.33,0.66,0.99,0.99,0.99,0.99,0.66,0.66,0.66,0.01,0.215598,0.339849,0.999998,0.003398
0.33,0.66,0.99,0.99,0.99,0.99,0.66,0.66,0.66,0.33,0.215598,0.339849,0.999950,0.112150
0.33,0.66,0.99,0.99,0.99,0.99,0.66,0.66,0.66,0.66,0.215598,0.339849,0.999900,0.224300
0.33,0.66,0.99,0.99,0.99,0.99,0.66,0.66,0.66,0.99,0.215598,0.339849,0.999850,0.336450
0.33,0.66,0.99,0.99,0.99,0.99,0.99,0.99,0.99,0.01,0.268815,0.340000,1.000000,0.003400
0.33,0.66,0.99,0.99,0.99,0.99,0.99,0.99,0.99,0.33,0.268815,0.340000,1.000000,0.112200
0.33,0.66,0.99,0.99,0.99,0.99,0.99,0.99,0.99,0.66,0.268815,0.340000,1.000000,0.224400
0.33,0.66,0.99,0.99,0.99,0.99,0.99,0.99,0.99,0.99,0.268815,0.340000,1.000000,0.336600
0.33,0.99,0.01,0.01,0.01,0.01,0.01,0.01,0.01,0.01,0.002638,0.003537,0.999935,0.000035
0.33,0.99,0.01,0.01,0.01,0.01,0.01,0.01,0.01,0.33,0.002638,0.003537,0.997867,0.001167
0.33,0.99,0.01,0.01,0.01,0.01,0.01,0.01,0.01,0.66,0.002638,0.003537,0.995734,0.002334
0.33,0.99,0.01,0.01,0.01,0.01,0.01,0.01,0.01,0.99,0.002638,0.003537,0.993602,0.003502
0.33,0.99,0.01,0.01,0.01,0.01,0.33,0.33,0.33,0.01,0.003373,0.004657,0.999947,0.000047
0.33,0.99,0.01,0.01,0.01,0.01,0.33,0.33,0.33,0.33,0.003373,0.004657,0.998237,0.001537
0.33,0.99,0.01,0.01,0.01,0.01,0.33,0.33,0.33,0.66,0.003373,0.004657,0.996474,0.003074
0.33,0.99,0.01,0.01,0.01,0.01,0.33,0.33,0.33,0.99,0.003373,0.004657,0.994710,0.004610
0.33,0.99,0.01,0.01,0.01,0.01,0.66,0.66,0.66,0.01,0.004131,0.005810,0.999958,0.000058
0.33,0.99,0.01,0.01,0.01,0.01,0.66,0.66,0.66,0.33,0.004131,0.005810,0.998617,0.001917
0.33,0.99,0.01,0.01,0.01,0.01,0.66,0.66,0.66,0.66,0.004131,0.005810,0.997235,0.003835
0.33,0.99,0.01,0.01,0.01,0.01,0.66,0.66,0.66,0.99,0.004131,0.005810,0.995852,0.005752
0.33,0.99,0.01,0.01,0.01,0.01,0.99,0.99,0.99,0.01,0.004889,0.006963,0.999970,0.000070
0.33,0.99,0.01,0.01,0.01,0.01,0.99,0.99,0.99,0.33,0.004889,0.006963,0.998998,0.002298
0.33,0.99,0.01,0.01,0.01,0.01,0.99,0.99,0.99,0.66,0.004889,0.006963,0.997995,0.004595
0.33,0.99,0.01,0.01,0.01,0.01,0.99,0.99,0.99,0.99,0.004889,0.006963,0.996993,0.006893
0.33,0.99,0.33,0.33,0.33,0.33,0.01,0.01,0.01,0.01,0.046114,0.010000,1.000000,0.000100
0.33,0.99,0.33,0.33,0.33,0.33,0.01,0.01,0.01,0.33,0.046114,0.010000,1.000000,0.003300
0.33,0.99,0.33,0.33,0.33,0.33,0.01,0.01,0.01,0.66,0.046114,0.010000,1.000000,0.006600
0.33,0.99,0.33,0.33,0.33,0.33,0.01,0.01,0.01,0.99,0.046114,0.010000,1.000000,0.009900
0.33,0.99,0.33,0.33,0.33,0.33,0.33,0.33,0.33,0.01,0.063422,0.010000,1.000000,0.000100
0.33,0.99,0.33,0.33,0.33,0.33,0.33,0.33,0.33,0.33,0.063422,0.010000,1.000000,0.003300
0.33,0.99,0.33,0.33,0.33,0.33,0.33,0.33,0.33,0.66,0.063422,0.010000,1.000000,0.006600
0.33,0.99,0.33,0.33,0.33,0.33,0.33,0.33,0.33,0.99,0.063422,0.010000,1.000000,0.009900
0.33,0.99,0.33,0.33,0.33,0.33,0.66,0.66,0.66,0.01,0.081269,0.010000,1.000000,0.000100
0.33,0.99,0.33,0.33,0.33,0.33,0.66,0.66,0.66,0.33,0.081269,0.010000,1.000000,0.003300
0.33,0.99,0.33,0.33,0.33,0.33,0.66,0.66,0.66,0.66,0.081269,0.010000,1.000000,0.006600
0.33,0.99,0.33,0.33,0.33,0.33,0.66,0.66,0.66,0.99,0.081269,0.010000,1.000000,0.009900
0.33,0.99,0.33,0.33,0.33,0.33,0.99,0.99,0.99,0.01,0.099117,0.010000,1.000000,0.000100
0.33,0.99,0.33,0.33,0.33,0.33,0.99,0.99,0.99,0.33,0.099117,0.010000,1.000000,0.003300
0.33,0.99,0.33,0.33,0.33,0.33,0.99,0.99,0.99,0.66,0.099117,0.010000,1.000000,0.006600
0.33,0.99,0.33,0.33,0.33,0.33,0.99,0.99,0.99,0.99,0.099117,0.010000,1.000000,0.009900
0.33,0.99,0.66,0.66,0.66,0.66,0.01,0.01,0.01,0.01,0.080888,0.010000,1.000000,0.000100
0.33,0.99,0.66,0.66,0.66,0.66,0.01,0.01,0.01,0.33,0.080888,0.010000,1.000000,0.003300
0.33,0.99,0.66,0.66,0.66,0.66,0.01,0.01,0.01,0.66,0.080888,0.010000,1.000000,0.006600
0.33,0.99,0.66,0.66,0.66,0.66,0.01,0.01,0.01,0.99,0.080888,0.010000,1.000000,0.009900
0.33,0.99,0.66,0.66,0.66,0.66,0.33,0.33,0.33,0.01,0.115306,0.010000,1.000000,0.000100
0.33,0.99,0.66,0.66,0.66,0.66,0.33,0.33,0.33,0.33,0.115306,0.010000,1.000000,0.003300
0.33,0.99,0.66,0.66,0.66,0.66,0.33,0.33,0.33,0.66,0.115306,0.010000,1.000000,0.006600
0.33,0.99,0.66,0.66,0.66,0.66,0.33,0.33,0.33,0.99,0.115306,0.010000,1.000000,0.009900
0.33,0.99,0.66,0.66,0.66,0.66,0.66,0.66,0.66,0.01,0.150800,0.010000,1.000000,0.000100
0.33,0.99,0.66,0.66,0.66,0.66,0.66,0.66,0.66,0.33,0.150800,0.010000,1.000000,0.003300
0.33,0.99,0.66,0.66,0.66,0.66,0.66,0.66,0.66,0.66,0.150800,0.010000,1.000000,0.006600
0.33,0.99,0.66,0.66,0.66,0.66,0.66,0.66,0.66,0.99,0.150800,0.010000,1.000000,0.009900
0.33,0.99,0.66,0.66,0.66,0.66,0.99,0.99,0.99,0.01,0.186293,0.010000,1.000000,0.000100
0.33,0.99,0.66,0.66,0.66,0.66,0.99,0.99,0.99,0.33,0.186293,0.010000,1.000000,0.003300
0.33,0.99,0.66,0.66,0.66,0.66,0.99,0.99,0.99,0.66,0.186293,0.010000,1.000000,0.006600
0.33,0.99,0.66,0.66,0.66,0.66,0.99,0.99,0.99,0.99,0.186293,0.010000,1.000000,0.009900
0.33,0.99,0.99,0.99,0.99,0.99,0.01,0.01,0.01,0.01,0.110776,0.010000,1.000000,0.000100
0.33,0.99,0.99,0.99,0.99,0.99,0.01,0.01,0.01,0.33,0.110776,0.010000,1.000000,0.003300
0.33,0.99,0.99,0.99,0.99,0.99,0.01,0.01,0.01,0.66,0.110776,0.010000,1.000000,0.006600
0.33,0.99,0.99,0.99,0.99,0.99,0.01,0.01,0.01,0.99,0.110776,0.010000,1.000000,0.009900
0.33,0.99,0.99,0.99,0.99,0.99,0.33,0.33,0.33,0.01,0.162381,0.010000,1.000000,0.000100
0.33,0.99,0.99,0.99,0.99,0.99,0.33,0.33,0.33,0.33,0.162381,0.010000,1.000000,0.003300
0.33,0.99,0.99,0.99,0.99,0.99,0.33,0.33,0.33,0.66,0.162381,0.010000,1.000000,0.006600
0.33,0.99,0.99,0.99,0.99,0.99,0.33,0.33,0.33,0.99,0.162381,0.010000,1.000000,0.009900
0.33,0.99,0.99,0.99,0.99,0.99,0.66,0.66,0.66,0.01,0.215598,0.010000,1.000000,0.000100
0.33,0.99,0.99,0.99,0.99,0.99,0.66,0.66,0.66,0.33,0.215598,0.010000,1.000000,0.003300
0.33,0.99,0.99,0.99,0.99,0.99,0.66,0.66,0.66,0.66,0.215598,0.010000,1.000000,0.006600
0.33,0.99,0.99,0.99,0.99,0.99,0.66,0.66,0.66,0.99,0.215598,0.010000,1.000000,0.009900
0.33,0.99,0.99,0.99,0.99,0.99,0.99,0.99,0.99,0.01,0.268815,0.010000,1.000000,0.000100
0.33,0.99,0.99,0.99,0.99,0.99,0.99,0.99,0.99,0.33,0.268815,0.010000,1.000000,0.003300
0.33,0.99,0.99,0.99,0.99,0.99,0.99,0.99,0.99,0.66,0.268815,0.010000,1.000000,0.006600
0.33,0.99,0.99,0.99,0.99,0.99,0.99,0.99,0.99,0.99,0.268815,0.010000,1.000000,0.009900
0.66,0.01,0.01,0.01,0.01,0.01,0.01,0.01,0.01,0.01,0.002638,0.000900,0.990109,0.000009
0.66,0.01,0.01,0.01,0.01,0.01,0.01,0.01,0.01,0.33,0.002638,0.000900,0.673597,0.000297
0.66,0.01,0.01,0.01,0.01,0.01,0.01,0.01,0.01,0.66,0.002638,0.000900,0.347194,0.000594
0.66,0.01,0.01,0.01,0.01,0.01,0.01,0.01,0.01,0.99,0.002638,0.000900,0.020791,0.000891
0.66,0.01,0.01,0.01,0.01,0.01,0.33,0.33,0.33,0.01,0.003373,0.001186,0.990112,0.000012
0.66,0.01,0.01,0.01,0.01,0.01,0.33,0.33,0.33,0.33,0.003373,0.001186,0.673691,0.000391
0.66,0.01,0.01,0.01,0.01,0.01,0.33,0.33,0.33,0.66,0.003373,0.001186,0.347383,0.000783
0.66,0.01,0.01,0.01,0.01,0.01,0.33,0.33,0.33,0.99,0.003373,0.001186,0.021074,0.001174
0.66,0.01,0.01,0.01,0.01,0.01,0.66,0.66,0.66,0.01,0.004131,0.001481,0.990115,0.000015
0.66,0.01,0.01,0.01,0.01,0.01,0.66,0.66,0.66,0.33,0.004131,0.001481,0.673789,0.000489
0.66,0.01,0.01,0.01,0.01,0.01,0.66,0.66,0.66,0.66,0.004131,0.001481,0.347577,0.000977
0.66,0.01,0.01,0.01,0.01,0.01,0.66,0.66,0.66,0.99,0.004131,0.001481,0.021366,0.001466
0.66,0.01,0.01,0.01,0.01,0.01,0.99,0.99,0.99,0.01,0.004889,0.001776,0.990118,0.000018
0.66,0.01,0.01,0.01,0.01,0.01,0.99,0.99,0.99,0.33,0.004889,0.001776,0.673886,0.000586
0.66,0.01,0.01,0.01,0.01,0.01,0.99,0.99,0.99,0.66,0.004889,0.001776,0.347772,0.001172
0.66,0.01,0.01,0.01,0.01,0.01,0.99,0.99,0.99,0.99,0.004889,0.001776,0.021658,0.001758
0.66,0.01,0.33,0.33,0.33,0.33,0.01,0.01,0.01,0.01,0.046114,0.024116,0.990341,0.000241
0.66,0.01,0.33,0.33,0.33,0.33,0.01,0.01,0.01,0.33,0.046114,0.024116,0.681258,0.007958
0.66,0.01,0.33,0.33,0.33,0.33,0.01,0.01,0.01,0.66,0.046114,0.024116,0.362516,0.015916
0.66,0.01,0.33,0.33,0.33,0.33,0.01,0.01,0.01,0.99,0.046114,0.024116,0.043775,0.023875
0.66,0.01,0.33,0.33,0.33,0.33,0.33,0.33,0.33,0.01,0.063422,0.033500,0.990435,0.000335
0.66,0.01,0.33,0.33,0.33,0.33,0.33,0.33,0.33,0.33,0.063422,0.033500,0.684355,0.011055
0.66,0.01,0.33,0.33,0.33,0.33,0.33,0.33,0.33,0.66,0.063422,0.033500,0.368710,0.022110
0.66,0.01,0.33,0.33,0.33,0.33,0.33,0.33,0.33,0.99,0.063422,0.033500,0.053065,0.033165
0.66,0.01,0.33,0.33,0.33,0.33,0.66,0.66,0.66,0.01,0.081269,0.043355,0.990534,0.000434
0.66,0.01,0.33,0.33,0.33,0.33,0.66,0.66,0.66,0.33,0.081269,0.043355,0.687607,0.014307
0.66,0.01,0.33,0.33,0.33,0.33,0.66,0.66,0.66,0.66,0.081269,0.043355,0.375214,0.028614
0.66,0.01,0.33,0.33,0.33,0.33,0.66,0.66,0.66,0.99,0.081269,0.043355,0.062821,0.042921
0.66,0.01,0.33,0.33,0.33,0.33,0.99,0.99,0.99,0.01,0.099117,0.053395,0.990634,0.000534
0.66,0.01,0.33,0.33,0.33,0.33,0.99,0.99,0.99,0.33,0.099117,0.053395,0.690920,0.017620
0.66,0.01,0.33,0.33,0.33,0.33,0.99,0.99,0.99,0.66,0.099117,0.053395,0.381841,0.035241
0.66,0.01,0.33,0.33,0.33,0.33,0.99,0.99,0.99,0.99,0.099117,0.053395,0.072761,0.052861
0.66,0.01,0.66,0.66,0.66,0.66,0.01,0.01,0.01,0.01,0.080888,0.043429,0.990534,0.000434
0.66,0.01,0.66,0.66,0.66,0.66,0.01,0.01,0.01,0.33,0.080888,0.043429,0.687632,0.014332
0.66,0.01,0.66,0.66,0.66,0.66,0.01,0.01,0.01,0.66,0.080888,0.043429,0.375263,0.028663
0.66,0.01,0.66,0.66,0.66,0.66,0.01,0.01,0.01,0.99,0.080888,0.043429,0.062895,0.042995
0.66,0.01,0.66,0.66,0.66,0.66,0.33,0.33,0.33,0.01,0.115306,0.063035,0.990730,0.000630
0.66,0.01,0.66,0.66,0.66,0.66,0.33,0.33,0.33,0.33,0.115306,0.063035,0.694102,0.020802
0.66,0.01,0.66,0.66,0.66,0.66,0.33,0.33,0.33,0.66,0.115306,0.063035,0.388203,0.041603
0.66,0.01,0.66,0.66,0.66,0.66,0.33,0.33,0.33,0.99,0.115306,0.063035,0.082305,0.062405
0.66,0.01,0.66,0.66,0.66,0.66,0.66,0.66,0.66,0.01,0.150800,0.084014,0.990940,0.000840
0.66,0.01,0.66,0.66,0.66,0.66,0.66,0.66,0.66,0.33,0.150800,0.084014,0.701025,0.027725
0.66,0.01,0.66,0.66,0.66,0.66,0.66,0.66,0.66,0.66,0.150800,0.084014,0.402049,0.055449
0.66,0.01,0.66,0.66,0.66,0.66,0.66,0.66,0.66,0.99,0.150800,0.084014,0.103074,0.083174
0.66,0.01,0.66,0.66,0.66,0.66,0.99,0.99,0.99,0.01,0.186293,0.105810,0.991158,0.001058
0.66,0.01,0.66,0.66,0.66,0.66,0.99,0.99,0.99,0.33,0.186293,0.105810,0.708217,0.034917
0.66,0.01,0.66,0.66,0.66,0.66,0.99,0.99,0.99,0.66,0.186293,0.105810,0.416434,0.069834
0.66,0.01,0.66,0.66,0.66,0.66,0.99,0.99,0.99,0.99,0.186293,0.105810,0.124651,0.104751
0.66,0.01,0.99,0.99,0.99,0.99,0.01,0.01,0.01,0.01,0.110776,0.060597,0.990706,0.000606
0.66,0.01,0.99,0.99,0.99,0.99,0.01,0.01,0.01,0.33,0.110776,0.060597,0.693297,0.019997
0.66,0.01,0.99,0.99,0.99,0.99,0.01,0.01,0.01,0.66,0.110776,0.060597,0.386594,0.039994
0.66,0.01,0.99,0.99,0.99,0.99,0.01,0.01,0.01,0.99,0.110776,0.060597,0.079891,0.059991
0.66,0.01,0.99,0.99,0.99,0.99,0.33,0.33,0.33,0.01,0.162381,0.091244,0.991012,0.000912
0.66,0.01,0.99,0.99,0.99,0.99,0.33,0.33,0.33,0.33,0.162381,0.091244,0.703411,0.030111
0.66,0.01,0.99,0.99,0.99,0.99,0.33,0.33,0.33,0.66,0.162381,0.091244,0.406821,0.060221
0.66,0.01,0.99,0.99,0.99,0.99,0.33,0.33,0.33,0.99,0.162381,0.091244,0.110232,0.090332
0.66,0.01,0.99,0.99,0.99,0.99,0.66,0.66,0.66,0.01,0.215598,0.124687,0.991347,0.001247
0.66,0.01,0.99,0.99,0.99,0.99,0.66,0.66,0.66,0.33,0.215598,0.124687,0.714447,0.041147
0.66,0.01,0.99,0.99,0.99,0.99,0.66,0.66,0.66,0.66,0.215598,0.124687,0.428893,0.082293
0.66,0.01,0.99,0.99,0.99,0.99,0.66,0.66,0.66,0.99,0.215598,0.124687,0.143340,0.123440
0.66,0.01,0.99,0.99,0.99,0.99,0.99,0.99,0.99,0.01,0.268815,0.160168,0.991702,0.001602
0.66,0.01,0.99,0.99,0.99,0.99,0.99,0.99,0.99,0.33,0.268815,0.160168,0.726155,0.052855
0.66,0.01,0.99,0.99,0.99,0.99,0.99,0.99,0.99,0.66,0.268815,0.160168,0.452311,0.105711
0.66,0.01,0.99,0.99,0.99,0.99,0.99,0.99,0.99,0.99,0.268815,0.160168,0.178466,0.158566
0.66,0.33,0.01,0.01,0.01,0.01,0.01,0.01,0.01,0.01,0.002638,0.000900,0.993309,0.000009
0.66,0.33,0.01,0.01,0.01,0.01,0.01,0.01,0.01,0.33,0.002638,0.000900,0.779197,0.000297
0.66,0.33,0.01,0.01,0.01,0.01,0.01,0.01,0.01,0.66,0.002638,0.000900,0.558394,0.000594
0.66,0.33,0.01,0.01,0.01,0.01,0.01,0.01,0.01,0.99,0.002638,0.000900,0.337591,0.000891
0.66,0.33,0.01,0.01,0.01,0.01,0.33,0.33,0.33,0.01,0.003373,0.001186,0.993312,0.000012
0.66,0.33,0.01,0.01,0.01,0.01,0.33,0.33,0.33,0.33,0.003373,0.001186,0.779291,0.000391
0.66,0.33,0.01,0.01,0.01,0.01,0.33,0.33,0.33,0.66,0.003373,0.001186,0.558583,0.000783
0.66,0.33,0.01,0.01,0.01,0.01,0.33,0.33,0.33,0.99,0.003373,0.001186,0.337874,0.001174
0.66,0.33,0.01,0.01,0.01,0.01,0.66,0.66,0.66,0.01,0.004131,0.001481,0.993315,0.000015
0.66,0.33,0.01,0.01,0.01,0.01,0.66,0.66,0.66,0.33,0.004131,0.001481,0.779389,0.000489
0.66,0.33,0.01,0.01,0.01,0.01,0.66,0.66,0.66,0.66,0.004131,0.001481,0.558777,0.000977
0.66,0.33,0.01,0.01,0.01,0.01,0.66,0.66,0.66,0.99,0.004131,0.001481,0.338166,0.001466
0.66,0.33,0.01,0.01,0.01,0.01,0.99,0.99,0.99,0.01,0.004889,0.001776,0.993318,0.000018
0.66,0.33,0.01,0.01,0.01,0.01,0.99,0.99,0.99,0.33,0.004889,0.001776,0.779486,0.000586
0.66,0.33,0.01,0.01,0.01,0.01,0.99,0.99,0.99,0.66,0.004889,0.001776,0.558972,0.001172
0.66,0.33,0.01,0.01,0.01,0.01,0.99,0.99,0.99,0.99,0.004889,0.001776,0.338458,0.001758
0.66,0.33,0.33,0.33,0.33,0.33,0.01,0.01,0.01,0.01,0.046114,0.024116,0.993541,0.000241
0.66,0.33,0.33,0.33,0.33,0.33,0.01,0.01,0.01,0.33,0.046114,0.024116,0.786858,0.007958
0.66,0.33,0.33,0.33,0.33,0.33,0.01,0.01,0.01,0.66,0.046114,0.024116,0.573716,0.015916
0.66,0.33,0.33,0.33,0.33,0.33,0.01,0.01,0.01,0.99,0.046114,0.024116,0.360575,0.023875
0.66,0.33,0.33,0.33,0.33,0.33,0.33,0.33,0.33,0.01,0.063422,0.033500,0.993635,0.000335
0.66,0.33,0.33,0.33,0.33,0.33,0.33,0.33,0.33,0.33,0.063422,0.033500,0.789955,0.011055
0.66,0.33,0.33,0.33,0.33,0.33,0.33,0.33,0.33,0.66,0.063422,0.033500,0.579910,0.022110
0.66,0.33,0.33,0.33,0.33,0.33,0.33,0.33,0.33,0.99,0.063422,0.033500,0.369865,0.033165
0.66,0.33,0.33,0.33,0.33,0.33,0.66,0.66,0.66,0.01,0.081269,0.043355,0.993734,0.000434
0.66,0.33,0.33,0.33,0.33,0.33,0.66,0.66,0.66,0.33,0.081269,0.043355,0.793207,0.014307
0.66,0.33,0.33,0.33,0.33,0.33,0.66,0.66,0.66,0.66,0.081269,0.043355,0.586414,0.028614
0.66,0.33,0.33,0.33,0.33,0.33,0.66,0.66,0.66,0.99,0.081269,0.043355,0.379621,0.042921
0.66,0.33,0.33,0.33,0.33,0.33,0.99,0.99,0.99,0.01,0.099117,0.053395,0.993834,0.000534
0.66,0.33,0.33,0.33,0.33,0.33,0.99,0.99,0.99,0.33,0.099117,0.053395,0.796520,0.017620
0.66,0.33,0.33,0.33,0.33,0.33,0.99,0.99,0.99,0.66,0.099117,0.053395,0.593041,0.035241
0.66,0.33,0.33,0.33,0.33,0.33,0.99,0.99,0.99,0.99,0.099117,0.053395,0.389561,0.052861
0.66,0.33,0.66,0.66,0.66,0.66,0.01,0.01,0.01,0.01,0.080888,0.043429,0.993734,0.000434
0.66,0.33,0.66,0.66,0.66,0.66,0.01,0.01,0.01,0.33,0.080888,0.043429,0.793232,0.014332
0.66,0.33,0.66,0.66,0.66,0.66,0.01,0.01,0.01,0.66,0.080888,0.043429,0.586463,0.028663
0.66,0.33,0.66,0.66,0.66,0.66,0.01,0.01,0.01,0.99,0.080888,0.043429,0.379695,0.042995
0.66,0.33,0.66,0.66,0.66,0.66,0.33,0.33,0.33,0.01,0.115306,0.063035,0.993930,0.000630
0.66,0.33,0.66,0.66,0.66,0.66,0.33,0.33,0.33,0.33,0.115306,0.063035,0.799702,0.020802
0.66,0.33,0.66,0.66,0.66,0.66,0.33,0.33,0.33,0.66,0.115306,0.063035,0.599403,0.041603
0.66,0.33,0.66,0.66,0.66,0.66,0.33,0.33,0.33,0.99,0.115306,0.063035,0.399105,0.062405
0.66,0.33,0.66,0.66,0.66,0.66,0.66,0.66,0.66,0.01,0.150800,0.084014,0.994140,0.000840
0.66,0.33,0.66,0.66,0.66,0.66,0.66,0.66,0.66,0.33,0.150800,0.084014,0.806625,0.027725
0.66,0.33,0.66,0.66,0.66,0.66,0.66,0.66,0.66,0.66,0.150800,0.084014,0.613249,0.055449
0.66,0.33,0.66,0.66,0.66,0.66,0.66,0.66,0.66,0.99,0.150800,0.084014,0.419874,0.083174
0.66,0.33,0.66,0.66,0.66,0.66,0.99,0.99,0.99,0.01,0.186293,0.105810,0.994358,0.001058
0.66,0.33,0.66,0.66,0.66,0.66,0.99,0.99,0.99,0.33,0.186293,0.105810,0.813817,0.034917
0.66,0.33,0.66,0.66,0.66,0.66,0.99,0.99,0.99,0.66,0.186293,0.105810,0.627634,0.069834
0.66,0.33,0.66,0.66,0.66,0.66,0.99,0.99,0.99,0.99,0.186293,0.105810,0.441451,0.104751
0.66,0.33,0.99,0.99,0.99,0.99,0.01,0.01,0.01,0.01,0.110776,0.060597,0.993906,0.000606
0.66,0.33,0.99,0.99,0.99,0.99,0.01,0.01,0.01,0.33,0.110776,0.060597,0.798897,0.019997
0.66,0.33,0.99,0.99,0.99,0.99,0.01,0.01,0.01,0.66,0.110776,0.060597,0.597794,0.039994
0.66,0.33,0.99,0.99,0.99,0.99,0.01,0.01,0.01,0.99,0.110776,0.060597,0.396691,0.059991
0.66,0.33,0.99,0.99,0.99,0.99,0.33,0.33,0.33,0.01,0.162381,0.091244,0.994212,0.000912
0.66,0.33,0.99,0.99,0.99,0.99,0.33,0.33,0.33,0.33,0.162381,0.091244,0.809011,0.030111
0.66,0.33,0.99,0.99,0.99,0.99,0.33,0.33,0.33,0.66,0.162381,0.091244,0.618021,0.060221
0.66,0.33,0.99,0.99,0.99,0.99,0.33,0.33,0.33,0.99,0.162381,0.091244,0.427032,0.090332
0.66,0.33,0.99,0.99,0.99,0.99,0.66,0.66,0.66,0.01,0.215598,0.124687,0.994547,0.001247
0.66,0.33,0.99,0.99,0.99,0.99,0.66,0.66,0.66,0.33,0.215598,0.124687,0.820047,0.041147
0.66,0.33,0.99,0.99,0.99,0.99,0.66,0.66,0.66,0.66,0.215598,0.124687,0.640093,0.082293
0.66,0.33,0.99,0.99,0.99,0.99,0.66,0.66,0.66,0.99,0.215598,0.124687,0.460140,0.123440
0.66,0.33,0.99,0.99,0.99,0.99,0.99,0.99,0.99,0.01,0.268815,0.160168,0.994902,0.001602
0.66,0.33,0.99,0.99,0.99,0.99,0.99,0.99,0.99,0.33,0.268815,0.160168,0.831755,0.052855
0.66,0.33,0.99,0.99,0.99,0.99,0.99,0.99,0.99,0.66,0.268815,0.160168,0.663511,0.105711
0.66,0.33,0.99,0.99,0.99,0.99,0.99,0.99,0.99,0.99,0.268815,0.160168,0.495266,0.158566
0.66,0.66,0.01,0.01,0.01,0.01,0.01,0.01,0.01,0.01,0.002638,0.000900,0.996609,0.000009
0.66,0.66,0.01,0.01,0.01,0.01,0.01,0.01,0.01,0.33,0.002638,0.000900,0.888097,0.000297
0.66,0.66,0.01,0.01,0.01,0.01,0.01,0.01,0.01,0.66,0.002638,0.000900,0.776194,0.000594
0.66,0.66,0.01,0.01,0.01,0.01,0.01,0.01,0.01,0.99,0.002638,0.000900,0.664291,0.000891
0.66,0.66,0.01,0.01,0.01,0.01,0.33,0.33,0.33,0.01,0.003373,0.001186,0.996612,0.000012
0.66,0.66,0.01,0.01,0.01,0.01,0.33,0.33,0.33,0.33,0.003373,0.001186,0.888191,0.000391
0.66,0.66,0.01,0.01,0.01,0.01,0.33,0.33,0.33,0.66,0.003373,0.001186,0.776383,0.000783
0.66,0.66,0.01,0.01,0.01,0.01,0.33,0.33,0.33,0.99,0.003373,0.001186,0.664574,0.001174
0.66,0.66,0.01,0.01,0.01,0.01,0.66,0.66,0.66,0.01,0.004131,0.001481,0.996615,0.000015
0.66,0.66,0.01,0.01,0.01,0.01,0.66,0.66,0.66,0.33,0.004131,0.001481,0.888289,0.000489
0.66,0.66,0.01,0.01,0.01,0.01,0.66,0.66,0.66,0.66,0.004131,0.001481,0.776577,0.000977
0.66,0.66,0.01,0.01,0.01,0.01,0.66,0.66,0.66,0.99,0.004131,0.001481,0.664866,0.001466
0.66,0.66,0.01,0.01,0.01,0.01,0.99,0.99,0.99,0.01,0.004889,0.001776,0.996618,0.000018
0.66,0.66,0.01,0.01,0.01,0.01,0.99,0.99,0.99,0.33,0.004889,0.001776,0.888386,0.000586
0.66,0.66,0.01,0.01,0.01,0.01,0.99,0.99,0.99,0.66,0.004889,0.001776,0.776772,0.001172
0.66,0.66,0.01,0.01,0.01,0.01,0.99,0.99,0.99,0.99,0.004889,0.001776,0.665158,0.001758
0.66,0.66,0.33,0.33,0.33,0.33,0.01,0.01,0.01,0.01,0.046114,0.024116,0.996841,0.000241
0.66,0.66,0.33,0.33,0.33,0.33,0.01,0.01,0.01,0.33,0.046114,0.024116,0.895758,0.007958
0.66,0.66,0.33,0.33,0.33,0.33,0.01,0.01,0.01,0.66,0.046114,0.024116,0.791517,0.015916
0.66,0.66,0.33,0.33,0.33,0.33,0.01,0.01,0.01,0.99,0.046114,0.024116,0.687275,0.023875
0.66,0.66,0.33,0.33,0.33,0.33,0.33,0.33,0.33,0.01,0.063422,0.033500,0.996935,0.000335
0.66,0.66,0.33,0.33,0.33,0.33,0.33,0.33,0.33,0.33,0.063422,0.033500,0.898855,0.011055
0.66,0.66,0.33,0.33,0.33,0.33,0.33,0.33,0.33,0.66,0.063422,0.033500,0.797710,0.022110
0.66,0.66,0.33,0.33,0.33,0.33,0.33,0.33,0.33,0.99,0.063422,0.033500,0.696565,0.033165
0.66,0.66,0.33,0.33,0.33,0.33,0.66,0.66,0.66,0.01,0.081269,0.043355,0.997034,0.000434
0.66,0.66,0.33,0.33,0.33,0.33,0.66,0.66,0.66,0.33,0.081269,0.043355,0.902107,0.014307
0.66,0.66,0.33,0.33,0.33,0.33,0.66,0.66,0.66,0.66,0.081269,0.043355,0.804214,0.028614
0.66,0.66,0.33,0.33,0.33,0.33,0.66,0.66,0.66,0.99,0.081269,0.043355,0.706322,0.042921
0.66,0.66,0.33,0.33,0.33,0.33,0.99,0.99,0.99,0.01,0.099117,0.053395,0.997134,0.000534
0.66,0.66,0.33,0.33,0.33,0.33,0.99,0.99,0.99,0.33,0.099117,0.053395,0.905420,0.017620
0.66,0.66,0.33,0.33,0.33,0.33,0.99,0.99,0.99,0.66,0.099117,0.053395,0.810841,0.035241
0.66,0.66,0.33,0.33,0.33,0.33,0.99,0.99,0.99,0.99,0.099117,0.053395,0.716261,0.052861
0.66,0.66,0.66,0.66,0.66,0.66,0.01,0.01,0.01,0.01,0.080888,0.043429,0.997034,0.000434
0.66,0.66,0.66,0.66,0.66,0.66,0.01,0.01,0.01,0.33,0.080888,0.043429,0.902132,0.014332
0.66,0.66,0.66,0.66,0.66,0.66,0.01,0.01,0.01,0.66,0.080888,0.043429,0.804263,0.028663
0.66,0.66,0.66,0.66,0.66,0.66,0.01,0.01,0.01,0.99,0.080888,0.043429,0.706395,0.042995
0.66,0.66,0.66,0.66,0.66,0.66,0.33,0.33,0.33,0.01,0.115306,0.063035,0.997230,0.000630
0.66,0.66,0.66,0.66,0.66,0.66,0.33,0.33,0.33,0.33,0.115306,0.063035,0.908602,0.020802
0.66,0.66,0.66,0.66,0.66,0.66,0.33,0.33,0.33,0.66,0.115306,0.063035,0.817203,0.041603
0.66,0.66,0.66,0.66,0.66,0.66,0.33,0.33,0.33,0.99,0.115306,0.063035,0.725805,0.062405
0.66,0.66,0.66,0.66,0.66,0.66,0.66,0.66,0.66,0.01,0.150800,0.084014,0.997440,0.000840
0.66,0.66,0.66,0.66,0.66,0.66,0.66,0.66,0.66,0.33,0.150800,0.084014,0.915525,0.027725
0.66,0.66,0.66,0.66,0.66,0.66,0.66,0.66,0.66,0.66,0.150800,0.084014,0.831049,0.055449
0.66,0.66,0.66,0.66,0.66,0.66,0.66,0.66,0.66,0.99,0.150800,0.084014,0.746574,0.083174
0.66,0.66,0.66,0.66,0.66,0.66,0.99,0.99,0.99,0.01,0.186293,0.105810,0.997658,0.001058
0.66,0.66,0.66,0.66,0.66,0.66,0.99,0.99,0.99,0.33,0.186293,0.105810,0.922717,0.034917
0.66,0.66,0.66,0.66,0.66,0.66,0.99,0.99,0.99,0.66,0.186293,0.105810,0.845434,0.069834
0.66,0.66,0.66,0.66,0.66,0.66,0.99,0.99,0.99,0.99,0.186293,0.105810,0.768152,0.104751
0.66,0.66,0.99,0.99,0.99,0.99,0.01,0.01,0.01,0.01,0.110776,0.060597,0.997206,0.000606
0.66,0.66,0.99,0.99,0.99,0.99,0.01,0.01,0.01,0.33,0.110776,0.060597,0.907797,0.019997
0.66,0.66,0.99,0.99,0.99,0.99,0.01,0.01,0.01,0.66,0.110776,0.060597,0.815594,0.039994
0.66,0.66,0.99,0.99,0.99,0.99,0.01,0.01,0.01,0.99,0.110776,0.060597,0.723391,0.059991
0.66,0.66,0.99,0.99,0.99,0.99,0.33,0.33,0.33,0.01,0.162381,0.091244,0.997512,0.000912
0.66,0.66,0.99,0.99,0.99,0.99,0.33,0.33,0.33,0.33,0.162381,0.091244,0.917911,0.030111
0.66,0.66,0.99,0.99,0.99,0.99,0.33,0.33,0.33,0.66,0.162381,0.091244,0.835821,0.060221
0.66,0.66,0.99,0.99,0.99,0.99,0.33,0.33,0.33,0.99,0.162381,0.091244,0.753732,0.090332
0.66,0.66,0.99,0.99,0.99,0.99,0.66,0.66,0.66,0.01,0.215598,0.124687,0.997847,0.001247
0.66,0.66,0.99,0.99,0.99,0.99,0.66,0.66,0.66,0.33,0.215598,0.124687,0.928947,0.041147
0.66,0.66,0.99,0.99,0.99,0.99,0.66,0.66,0.66,0.66,0.215598,0.124687,0.857893,0.082293
0.66,0.66,0.99,0.99,0.99,0.99,0.66,0.66,0.66,0.99,0.215598,0.124687,0.786840,0.123440
0.66,0.66,0.99,0.99,0.99,0.99,0.99,0.99,0.99,0.01,0.268815,0.160168,0.998202,0.001602
0.66,0.66,0.99,0.99,0.99,0.99,0.99,0.99,0.99,0.33,0.268815,0.160168,0.940655,0.052855
0.66,0.66,0.99,0.99,0.99,0.99,0.99,0.99,0.99,0.66,0.268815,0.160168,0.881311,0.105711
0.66,0.66,0.99,0.99,0.99,0.99,0.99,0.99,0.99,0.99,0.268815,0.160168,0.821966,0.158566
0.66,0.99,0.01,0.01,0.01,0.01,0.01,0.01,0.01,0.01,0.002638,0.000900,0.999909,0.000009
0.66,0.99,0.01,0.01,0.01,0.01,0.01,0.01,0.01,0.33,0.002638,0.000900,0.996997,0.000297
0.66,0.99,0.01,0.01,0.01,0.01,0.01,0.01,0.01,0.66,0.002638,0.000900,0.993994,0.000594
0.66,0.99,0.01,0.01,0.01,0.01,0.01,0.01,0.01,0.99,0.002638,0.000900,0.990991,0.000891
0.66,0.99,0.01,0.01,0.01,0.01,0.33,0.33,0.33,0.01,0.003373,0.001186,0.999912,0.000012
0.66,0.99,0.01,0.01,0.01,0.01,0.33,0.33,0.33,0.33,0.003373,0.001186,0.997091,0.000391
0.66,0.99,0.01,0.01,0.01,0.01,0.33,0.33,0.33,0.66,0.003373,0.001186,0.994183,0.000783
0.66,0.99,0.01,0.01,0.01,0.01,0.33,0.33,0.33,0.99,0.003373,0.001186,0.991274,0.001174
0.66,0.99,0.01,0.01,0.01,0.01,0.66,0.66,0.66,0.01,0.004131,0.001481,0.999915,0.000015
0.66,0.99,0.01,0.01,0.01,0.01,0.66,0.66,0.66,0.33,0.004131,0.001481,0.997189,0.000489
0.66,0.99,0.01,0.01,0.01,0.01,0.66,0.66,0.66,0.66,0.004131,0.001481,0.994377,0.000977
0.66,0.99,0.01,0.01,0.01,0.01,0.66,0.66,0.66,0.99,0.004131,0.001481,0.991566,0.001466
0.66,0.99,0.01,0.01,0.01,0.01,0.99,0.99,0.99,0.01,0.004889,0.001776,0.999918,0.000018
0.66,0.99,0.01,0.01,0.01,0.01,0.99,0.99,0.99,0.33,0.004889,0.001776,0.997286,0.000586
0.66,0.99,0.01,0.01,0.01,0.01,0.99,0.99,0.99,0.66,0.004889,0.001776,0.994572,0.001172
0.66,0.99,0.01,0.01,0.01,0.01,0.99,0.99,0.99,0.99,0.004889,0.001776,0.991858,0.001758
0.66,0.99,0.33,0.33,0.33,0.33,0.01,0.01,0.01,0.01,0.046114,0.010000,1.000000,0.000100
0.66,0.99,0.33,0.33,0.33,0.33,0.01,0.01,0.01,0.33,0.046114,0.010000,1.000000,0.003300
0.66,0.99,0.33,0.33,0.33,0.33,0.01,0.01,0.01,0.66,0.046114,0.010000,1.000000,0.006600
0.66,0.99,0.33,0.33,0.33,0.33,0.01,0.01,0.01,0.99,0.046114,0.010000,1.000000,0.009900
0.66,0.99,0.33,0.33,0.33,0.33,0.33,0.33,0.33,0.01,0.063422,0.010000,1.000000,0.000100
0.66,0.99,0.33,0.33,0.33,0.33,0.33,0.33,0.33,0.33,0.063422,0.010000,1.000000,0.003300
0.66,0.99,0.33,0.33,0.33,0.33,0.33,0.33,0.33,0.66,0.063422,0.010000,1.000000,0.006600
0.66,0.99,0.33,0.33,0.33,0.33,0.33,0.33,0.33,0.99,0.063422,0.010000,1.000000,0.009900
0.66,0.99,0.33,0.33,0.33,0.33,0.66,0.66,0.66,0.01,0.081269,0.010000,1.000000,0.000100
0.66,0.99,0.33,0.33,0.33,0.33,0.66,0.66,0.66,0.33,0.081269,0.010000,1.000000,0.003300
0.66,0.99,0.33,0.33,0.33,0.33,0.66,0.66,0.66,0.66,0.081269,0.010000,1.000000,0.006600
0.66,0.99,0.33,0.33,0.33,0.33,0.66,0.66,0.66,0.99,0.081269,0.010000,1.000000,0.009900
0.66,0.99,0.33,0.33,0.33,0.33,0.99,0.99,0.99,0.01,0.099117,0.010000,1.000000,0.000100
0.66,0.99,0.33,0.33,0.33,0.33,0.99,0.99,0.99,0.33,0.099117,0.010000,1.000000,0.003300
0.66,0.99,0.33,0.33,0.33,0.33,0.99,0.99,0.99,0.66,0.099117,0.010000,1.000000,0.006600
0.66,0.99,0.33,0.33,0.33,0.33,0.99,0.99,0.99,0.99,0.099117,0.010000,1.000000,0.009900
0.66,0.99,0.66,0.66,0.66,0.66,0.01,0.01,0.01,0.01,0.080888,0.010000,1.000000,0.000100
0.66,0.99,0.66,0.66,0.66,0.66,0.01,0.01,0.01,0.33,0.080888,0.010000,1.000000,0.003300
0.66,0.99,0.66,0.66,0.66,0.66,0.01,0.01,0.01,0.66,0.080888,0.010000,1.000000,0.006600
0.66,0.99,0.66,0.66,0.66,0.66,0.01,0.01,0.01,0.99,0.080888,0.010000,1.000000,0.009900
0.66,0.99,0.66,0.66,0.66,0.66,0.33,0.33,0.33,0.01,0.115306,0.010000,1.000000,0.000100
0.66,0.99,0.66,0.66,0.66,0.66,0.33,0.33,0.33,0.33,0.115306,0.010000,1.000000,0.003300
0.66,0.99,0.66,0.66,0.66,0.66,0.33,0.33,0.33,0.66,0.115306,0.010000,1.000000,0.006600
0.66,0.99,0.66,0.66,0.66,0.66,0.33,0.33,0.33,0.99,0.115306,0.010000,1.000000,0.009900
0.66,0.99,0.66,0.66,0.66,0.66,0.66,0.66,0.66,0.01,0.150800,0.010000,1.000000,0.000100
0.66,0.99,0.66,0.66,0.66,0.66,0.66,0.66,0.66,0.33,0.150800,0.010000,1.000000,0.003300
0.66,0.99,0.66,0.66,0.66,0.66,0.66,0.66,0.66,0.66,0.150800,0.010000,1.000000,0.006600
0.66,0.99,0.66,0.66,0.66,0.66,0.66,0.66,0.66,0.99,0.150800,0.010000,1.000000,0.009900
0.66,0.99,0.66,0.66,0.66,0.66,0.99,0.99,0.99,0.01,0.186293,0.010000,1.000000,0.000100
0.66,0.99,0.66,0.66,0.66,0.66,0.99,0.99,0.99,0.33,0.186293,0.010000,1.000000,0.003300
0.66,0.99,0.66,0.66,0.66,0.66,0.99,0.99,0.99,0.66,0.186293,0.010000,1.000000,0.006600
0.66,0.99,0.66,0.66,0.66,0.66,0.99,0.99,0.99,0.99,0.186293,0.010000,1.000000,0.009900
0.66,0.99,0.99,0.99,0.99,0.99,0.01,0.01,0.01,0.01,0.110776,0.010000,1.000000,0.000100
0.66,0.99,0.99,0.99,0.99,0.99,0.01,0.01,0.01,0.33,0.110776,0.010000,1.000000,0.003300
0.66,0.99,0.99,0.99,0.99,0.99,0.01,0.01,0.01,0.66,0.110776,0.010000,1.000000,0.006600
0.66,0.99,0.99,0.99,0.99,0.99,0.01,0.01,0.01,0.99,0.110776,0.010000,1.000000,0.009900
0.66,0.99,0.99,0.99,0.99,0.99,0.33,0.33,0.33,0.01,0.162381,0.010000,1.000000,0.000100
0.66,0.99,0.99,0.99,0.99,0.99,0.33,0.33,0.33,0.33,0.162381,0.010000,1.000000,0.003300
0.66,0.99,0.99,0.99,0.99,0.99,0.33,0.33,0.33,0.66,0.162381,0.010000,1.000000,0.006600
0.66,0.99,0.99,0.99,0.99,0.99,0.33,0.33,0.33,0.99,0.162381,0.010000,1.000000,0.009900
0.66,0.99,0.99,0.99,0.99,0.99,0.66,0.66,0.66,0.01,0.215598,0.010000,1.000000,0.000100
0.66,0.99,0.99,0.99,0.99,0.99,0.66,0.66,0.66,0.33,0.215598,0.010000,1.000000,0.003300
0.66,0.99,0.99,0.99,0.99,0.99,0.66,0.66,0.66,0.66,0.215598,0.010000,1.000000,0.006600
0.66,0.99,0.99,0.99,0.99,0.99,0.66,0.66,0.66,0.99,0.215598,0.010000,1.000000,0.009900
0.66,0.99,0.99,0.99,0.99,0.99,0.99,0.99,0.99,0.01,0.268815,0.010000,1.000000,0.000100
0.66,0.99,0.99,0.99,0.99,0.99,0.99,0.99,0.99,0.33,0.268815,0.010000,1.000000,0.003300
0.66,0.99,0.99,0.99,0.99,0.99,0.99,0.99,0.99,0.66,0.268815,0.010000,1.000000,0.006600
0.66,0.99,0.99,0.99,0.99,0.99,0.99,0.99,0.99,0.99,0.268815,0.010000,1.000000,0.009900
0.99,0.01,0.01,0.01,0.01,0.01,0.01,0.01,0.01,0.01,0.002638,0.000018,0.990100,0.000000
0.99,0.01,0.01,0.01,0.01,0.01,0.01,0.01,0.01,0.33,0.002638,0.000018,0.673306,0.000006
0.99,0.01,0.01,0.01,0.01,0.01,0.01,0.01,0.01,0.66,0.002638,0.000018,0.346612,0.000012
0.99,0.01,0.01,0.01,0.01,0.01,0.01,0.01,0.01,0.99,0.002638,0.000018,0.019917,0.000017
0.99,0.01,0.01,0.01,0.01,0.01,0.33,0.33,0.33,0.01,0.003373,0.000023,0.990100,0.000000
0.99,0.01,0.01,0.01,0.01,0.01,0.33,0.33,0.33,0.33,0.003373,0.000023,0.673308,0.000008
0.99,0.01,0.01,0.01,0.01,0.01,0.33,0.33,0.33,0.66,0.003373,0.000023,0.346615,0.000015
0.99,0.01,0.01,0.01,0.01,0.01,0.33,0.33,0.33,0.99,0.003373,0.000023,0.019923,0.000023
0.99,0.01,0.01,0.01,0.01,0.01,0.66,0.66,0.66,0.01,0.004131,0.000029,0.990100,0.000000
0.99,0.01,0.01,0.01,0.01,0.01,0.66,0.66,0.66,0.33,0.004131,0.000029,0.673310,0.000010
0.99,0.01,0.01,0.01,0.01,0.01,0.66,0.66,0.66,0.66,0.004131,0.000029,0.346619,0.000019
0.99,0.01,0.01,0.01,0.01,0.01,0.66,0.66,0.66,0.99,0.004131,0.000029,0.019929,0.000029
0.99,0.01,0.01,0.01,0.01,0.01,0.99,0.99,0.99,0.01,0.004889,0.000035,0.990100,0.000000
0.99,0.01,0.01,0.01,0.01,0.01,0.99,0.99,0.99,0.33,0.004889,0.000035,0.673312,0.000012
0.99,0.01,0.01,0.01,0.01,0.01,0.99,0.99,0.99,0.66,0.004889,0.000035,0.346623,0.000023
0.99,0.01,0.01,0.01,0.01,0.01,0.99,0.99,0.99,0.99,0.004889,0.000035,0.019935,0.000035
0.99,0.01,0.33,0.33,0.33,0.33,0.01,0.01,0.01,0.01,0.046114,0.000484,0.990105,0.000005
0.99,0.01,0.33,0.33,0.33,0.33,0.01,0.01,0.01,0.33,0.046114,0.000484,0.673460,0.000160
0.99,0.01,0.33,0.33,0.33,0.33,0.01,0.01,0.01,0.66,0.046114,0.000484,0.346920,0.000320
0.99,0.01,0.33,0.33,0.33,0.33,0.01,0.01,0.01,0.99,0.046114,0.000484,0.020380,0.000480
0.99,0.01,0.33,0.33,0.33,0.33,0.33,0.33,0.33,0.01,0.063422,0.000679,0.990107,0.000007
0.99,0.01,0.33,0.33,0.33,0.33,0.33,0.33,0.33,0.33,0.063422,0.000679,0.673524,0.000224
0.99,0.01,0.33,0.33,0.33,0.33,0.33,0.33,0.33,0.66,0.063422,0.000679,0.347048,0.000448
0.99,0.01,0.33,0.33,0.33,0.33,0.33,0.33,0.33,0.99,0.063422,0.000679,0.020572,0.000672
0.99,0.01,0.33,0.33,0.33,0.33,0.66,0.66,0.66,0.01,0.081269,0.000888,0.990109,0.000009
0.99,0.01,0.33,0.33,0.33,0.33,0.66,0.66,0.66,0.33,0.081269,0.000888,0.673593,0.000293
0.99,0.01,0.33,0.33,0.33,0.33,0.66,0.66,0.66,0.66,0.081269,0.000888,0.347186,0.000586
0.99,0.01,0.33,0.33,0.33,0.33,0.66,0.66,0.66,0.99,0.081269,0.000888,0.020779,0.000879
0.99,0.01,0.33,0.33,0.33,0.33,0.99,0.99,0.99,0.01,0.099117,0.001105,0.990111,0.000011
0.99,0.01,0.33,0.33,0.33,0.33,0.99,0.99,0.99,0.33,0.099117,0.001105,0.673665,0.000365
0.99,0.01,0.33,0.33,0.33,0.33,0.99,0.99,0.99,0.66,0.099117,0.001105,0.347329,0.000729
0.99,0.01,0.33,0.33,0.33,0.33,0.99,0.99,0.99,0.99,0.099117,0.001105,0.020994,0.001094
0.99,0.01,0.66,0.66,0.66,0.66,0.01,0.01,0.01,0.01,0.080888,0.000890,0.990109,0.000009
0.99,0.01,0.66,0.66,0.66,0.66,0.01,0.01,0.01,0.33,0.080888,0.000890,0.673594,0.000294
0.99,0.01,0.66,0.66,0.66,0.66,0.01,0.01,0.01,0.66,0.080888,0.000890,0.347187,0.000587
0.99,0.01,0.66,0.66,0.66,0.66,0.01,0.01,0.01,0.99,0.080888,0.000890,0.020781,0.000881
0.99,0.01,0.66,0.66,0.66,0.66,0.33,0.33,0.33,0.01,0.115306,0.001318,0.990113,0.000013
0.99,0.01,0.66,0.66,0.66,0.66,0.33,0.33,0.33,0.33,0.115306,0.001318,0.673735,0.000435
0.99,0.01,0.66,0.66,0.66,0.66,0.33,0.33,0.33,0.66,0.115306,0.001318,0.347470,0.000870
0.99,0.01,0.66,0.66,0.66,0.66,0.33,0.33,0.33,0.99,0.115306,0.001318,0.021204,0.001304
0.99,0.01,0.66,0.66,0.66,0.66,0.66,0.66,0.66,0.01,0.150800,0.001795,0.990118,0.000018
0.99,0.01,0.66,0.66,0.66,0.66,0.66,0.66,0.66,0.33,0.150800,0.001795,0.673893,0.000593
0.99,0.01,0.66,0.66,0.66,0.66,0.66,0.66,0.66,0.66,0.150800,0.001795,0.347785,0.001185
0.99,0.01,0.66,0.66,0.66,0.66,0.66,0.66,0.66,0.99,0.150800,0.001795,0.021678,0.001778
0.99,0.01,0.66,0.66,0.66,0.66,0.99,0.99,0.99,0.01,0.186293,0.002316,0.990123,0.000023
0.99,0.01,0.66,0.66,0.66,0.66,0.99,0.99,0.99,0.33,0.186293,0.002316,0.674064,0.000764
0.99,0.01,0.66,0.66,0.66,0.66,0.99,0.99,0.99,0.66,0.186293,0.002316,0.348128,0.001528
0.99,0.01,0.66,0.66,0.66,0.66,0.99,0.99,0.99,0.99,0.186293,0.002316,0.022193,0.002293
0.99,0.01,0.99,0.99,0.99,0.99,0.01,0.01,0.01,0.01,0.110776,0.001265,0.990113,0.000013
0.99,0.01,0.99,0.99,0.99,0.99,0.01,0.01,0.01,0.33,0.110776,0.001265,0.673717,0.000417
0.99,0.01,0.99,0.99,0.99,0.99,0.01,0.01,0.01,0.66,0.110776,0.001265,0.347435,0.000835
0.99,0.01,0.99,0.99,0.99,0.99,0.01,0.01,0.01,0.99,0.110776,0.001265,0.021152,0.001252
0.99,0.01,0.99,0.99,0.99,0.99,0.33,0.33,0.33,0.01,0.162381,0.001966,0.990120,0.000020
0.99,0.01,0.99,0.99,0.99,0.99,0.33,0.33,0.33,0.33,0.162381,0.001966,0.673949,0.000649
0.99,0.01,0.99,0.99,0.99,0.99,0.33,0.33,0.33,0.66,0.162381,0.001966,0.347897,0.001297
0.99,0.01,0.99,0.99,0.99,0.99,0.33,0.33,0.33,0.99,0.162381,0.001966,0.021846,0.001946
0.99,0.01,0.99,0.99,0.99,0.99,0.66,0.66,0.66,0.01,0.215598,0.002786,0.990128,0.000028
0.99,0.01,0.99,0.99,0.99,0.99,0.66,0.66,0.66,0.33,0.215598,0.002786,0.674219,0.000919
0.99,0.01,0.99,0.99,0.99,0.99,0.66,0.66,0.66,0.66,0.215598,0.002786,0.348439,0.001839
0.99,0.01,0.99,0.99,0.99,0.99,0.66,0.66,0.66,0.99,0.215598,0.002786,0.022658,0.002758
0.99,0.01,0.99,0.99,0.99,0.99,0.99,0.99,0.99,0.01,0.268815,0.003728,0.990137,0.000037
0.99,0.01,0.99,0.99,0.99,0.99,0.99,0.99,0.99,0.33,0.268815,0.003728,0.674530,0.001230
0.99,0.01,0.99,0.99,0.99,0.99,0.99,0.99,0.99,0.66,0.268815,0.003728,0.349060,0.002460
0.99,0.01,0.99,0.99,0.99,0.99,0.99,0.99,0.99,0.99,0.268815,0.003728,0.023590,0.003690
0.99,0.33,0.01,0.01,0.01,0.01,0.01,0.01,0.01,0.01,0.002638,0.000018,0.993300,0.000000
0.99,0.33,0.01,0.01,0.01,0.01,0.01,0.01,0.01,0.33,0.002638,0.000018,0.778906,0.000006
0.99,0.33,0.01,0.01,0.01,0.01,0.01,0.01,0.01,0.66,0.002638,0.000018,0.557812,0.000012
0.99,0.33,0.01,0.01,0.01,0.01,0.01,0.01,0.01,0.99,0.002638,0.000018,0.336717,0.000017
0.99,0.33,0.01,0.01,0.01,0.01,0.33,0.33,0.33,0.01,0.003373,0.000023,0.993300,0.000000
0.99,0.33,0.01,0.01,0.01,0.01,0.33,0.33,0.33,0.33,0.003373,0.000023,0.778908,0.000008
0.99,0.33,0.01,0.01,0.01,0.01,0.33,0.33,0.33,0.66,0.003373,0.000023,0.557815,0.000015
0.99,0.33,0.01,0.01,0.01,0.01,0.33,0.33,0.33,0.99,0.003373,0.000023,0.336723,0.000023
0.99,0.33,0.01,0.01,0.01,0.01,0.66,0.66,0.66,0.01,0.004131,0.000029,0.993300,0.000000
0.99,0.33,0.01,0.01,0.01,0.01,0.66,0.66,0.66,0.33,0.004131,0.000029,0.778910,0.000010
0.99,0.33,0.01,0.01,0.01,0.01,0.66,0.66,0.66,0.66,0.004131,0.000029,0.557819,0.000019
0.99,0.33,0.01,0.01,0.01,0.01,0.66,0.66,0.66,0.99,0.004131,0.000029,0.336729,0.000029
0.99,0.33,0.01,0.01,0.01,0.01,0.99,0.99,0.99,0.01,0.004889,0.000035,0.993300,0.000000
0.99,0.33,0.01,0.01,0.01,0.01,0.99,0.99,0.99,0.33,0.004889,0.000035,0.778912,0.000012
0.99,0.33,0.01,0.01,0.01,0.01,0.99,0.99,0.99,0.66,0.004889,0.000035,0.557823,0.000023
0.99,0.33,0.01,0.01,0.01,0.01,0.99,0.99,0.99,0.99,0.004889,0.000035,0.336735,0.000035
0.99,0.33,0.33,0.33,0.33,0.33,0.01,0.01,0.01,0.01,0.046114,0.000484,0.993305,0.000005
0.99,0.33,0.33,0.33,0.33,0.33,0.01,0.01,0.01,0.33,0.046114,0.000484,0.779060,0.000160
0.99,0.33,0.33,0.33,0.33,0.33,0.01,0.01,0.01,0.66,0.046114,0.000484,0.558120,0.000320
0.99,0.33,0.33,0.33,0.33,0.33,0.01,0.01,0.01,0.99,0.046114,0.000484,0.337180,0.000480
0.99,0.33,0.33,0.33,0.33,0.33,0.33,0.33,0.33,0.01,0.063422,0.000679,0.993307,0.000007
0.99,0.33,0.33,0.33,0.33,0.33,0.33,0.33,0.33,0.33,0.063422,0.000679,0.779124,0.000224
0.99,0.33,0.33,0.33,0.33,0.33,0.33,0.33,0.33,0.66,0.063422,0.000679,0.558248,0.000448
0.99,0.33,0.33,0.33,0.33,0.33,0.33,0.33,0.33,0.99,0.063422,0.000679,0.337372,0.000672
0.99,0.33,0.33,0.33,0.33,0.33,0.66,0.66,0.66,0.01,0.081269,0.000888,0.993309,0.000009
0.99,0.33,0.33,0.33,0.33,0.33,0.66,0.66,0.66,0.33,0.081269,0.000888,0.779193,0.000293
0.99,0.33,0.33,0.33,0.33,0.33,0.66,0.66,0.66,0.66,0.081269,0.000888,0.558386,0.000586
0.99,0.33,0.33,0.33,0.33,0.33,0.66,0.66,0.66,0.99,0.081269,0.000888,0.337579,0.000879
0.99,0.33,0.33,0.33,0.33,0.33,0.99,0.99,0.99,0.01,0.099117,0.001105,0.993311,0.000011
0.99,0.33,0.33,0.33,0.33,0.33,0.99,0.99,0.99,0.33,0.099117,0.001105,0.779265,0.000365
0.99,0.33,0.33,0.33,0.33,0.33,0.99,0.99,0.99,0.66,0.099117,0.001105,0.558529,0.000729
0.99,0.33,0.33,0.33,0.33,0.33,0.99,0.99,0.99,0.99,0.099117,0.001105,0.337794,0.001094
0.99,0.33,0.66,0.66,0.66,0.66,0.01,0.01,0.01,0.01,0.080888,0.000890,0.993309,0.000009
0.99,0.33,0.66,0.66,0.66,0.66,0.01,0.01,0.01,0.33,0.080888,0.000890,0.779194,0.000294
0.99,0.33,0.66,0.66,0.66,0.66,0.01,0.01,0.01,0.66,0.080888,0.000890,0.558387,0.000587
0.99,0.33,0.66,0.66,0.66,0.66,0.01,0.01,0.01,0.99,0.080888,0.000890,0.337581,0.000881
0.99,0.33,0.66,0.66,0.66,0.66,0.33,0.33,0.33,0.01,0.115306,0.001318,0.993313,0.000013
0.99,0.33,0.66,0.66,0.66,0.66,0.33,0.33,0.33,0.33,0.115306,0.001318,0.779335,0.000435
0.99,0.33,0.66,0.66,0.66,0.66,0.33,0.33,0.33,0.66,0.115306,0.001318,0.558670,0.000870
0.99,0.33,0.66,0.66,0.66,0.66,0.33,0.33,0.33,0.99,0.115306,0.001318,0.338004,0.001304
0.99,0.33,0.66,0.66,0.66,0.66,0.66,0.66,0.66,0.01,0.150800,0.001795,0.993318,0.000018
0.99,0.33,0.66,0.66,0.66,0.66,0.66,0.66,0.66,0.33,0.150800,0.001795,0.779493,0.000593
0.99,0.33,0.66,0.66,0.66,0.66,0.66,0.66,0.66,0.66,0.150800,0.001795,0.558985,0.001185
0.99,0.33,0.66,0.66,0.66,0.66,0.66,0.66,0.66,0.99,0.150800,0.001795,0.338478,0.001778
0.99,0.33,0.66,0.66,0.66,0.66,0.99,0.99,0.99,0.01,0.186293,0.002316,0.993323,0.000023
0.99,0.33,0.66,0.66,0.66,0.66,0.99,0.99,0.99,0.33,0.186293,0.002316,0.779664,0.000764
0.99,0.33,0.66,0.66,0.66,0.66,0.99,0.99,0.99,0.66,0.186293,0.002316,0.559328,0.001528
0.99,0.33,0.66,0.66,0.66,0.66,0.99,0.99,0.99,0.99,0.186293,0.002316,0.338993,0.002293
0.99,0.33,0.99,0.99,0.99,0.99,0.01,0.01,0.01,0.01,0.110776,0.001265,0.993313,0.000013
0.99,0.33,0.99,0.99,0.99,0.99,0.01,0.01,0.01,0.33,0.110776,0.001265,0.779317,0.000417
0.99,0.33,0.99,0.99,0.99,0.99,0.01,0.01,0.01,0.66,0.110776,0.001265,0.558635,0.000835
0.99,0.33,0.99,0.99,0.99,0.99,0.01,0.01,0.01,0.99,0.110776,0.001265,0.337952,0.001252
0.99,0.33,0.99,0.99,0.99,0.99,0.33,0.33,0.33,0.01,0.162381,0.001966,0.993320,0.000020
0.99,0.33,0.99,0.99,0.99,0.99,0.33,0.33,0.33,0.33,0.162381,0.001966,0.779549,0.000649
0.99,0.33,0.99,0.99,0.99,0.99,0.33,0.33,0.33,0.66,0.162381,0.001966,0.559097,0.001297
0.99,0.33,0.99,0.99,0.99,0.99,0.33,0.33,0.33,0.99,0.162381,0.001966,0.338646,0.001946
0.99,0.33,0.99,0.99,0.99,0.99,0.66,0.66,0.66,0.01,0.215598,0.002786,0.993328,0.000028
0.99,0.33,0.99,0.99,0.99,0.99,0.66,0.66,0.66,0.33,0.215598,0.002786,0.779819,0.000919
0.99,0.33,0.99,0.99,0.99,0.99,0.66,0.66,0.66,0.66,0.215598,0.002786,0.559639,0.001839
0.99,0.33,0.99,0.99,0.99,0.99,0.66,0.66,0.66,0.99,0.215598,0.002786,0.339458,0.002758
0.99,0.33,0.99,0.99,0.99,0.99,0.99,0.99,0.99,0.01,0.268815,0.003728,0.993337,0.000037
0.99,0.33,0.99,0.99,0.99,0.99,0.99,0.99,0.99,0.33,0.268815,0.003728,0.780130,0.001230
0.99,0.33,0.99,0.99,0.99,0.99,0.99,0.99,0.99,0.66,0.268815,0.003728,0.560260,0.002460
0.99,0.33,0.99,0.99,0.99,0.99,0.99,0.99,0.99,0.99,0.268815,0.003728,0.340390,0.003690
0.99,0.66,0.01,0.01,0.01,0.01,0.01,0.01,0.01,0.01,0.002638,0.000018,0.996600,0.000000
0.99,0.66,0.01,0.01,0.01,0.01,0.01,0.01,0.01,0.33,0.002638,0.000018,0.887806,0.000006
0.99,0.66,0.01,0.01,0.01,0.01,0.01,0.01,0.01,0.66,0.002638,0.000018,0.775612,0.000012
0.99,0.66,0.01,0.01,0.01,0.01,0.01,0.01,0.01,0.99,0.002638,0.000018,0.663417,0.000017
0.99,0.66,0.01,0.01,0.01,0.01,0.33,0.33,0.33,0.01,0.003373,0.000023,0.996600,0.000000
0.99,0.66,0.01,0.01,0.01,0.01,0.33,0.33,0.33,0.33,0.003373,0.000023,0.887808,0.000008
0.99,0.66,0.01,0.01,0.01,0.01,0.33,0.33,0.33,0.66,0.003373,0.000023,0.775615,0.000015
0.99,0.66,0.01,0.01,0.01,0.01,0.33,0.33,0.33,0.99,0.003373,0.000023,0.663423,0.000023
0.99,0.66,0.01,0.01,0.01,0.01,0.66,0.66,0.66,0.01,0.004131,0.000029,0.996600,0.000000
0.99,0.66,0.01,0.01,0.01,0.01,0.66,0.66,0.66,0.33,0.004131,0.000029,0.887810,0.000010
0.99,0.66,0.01,0.01,0.01,0.01,0.66,0.66,0.66,0.66,0.004131,0.000029,0.775619,0.000019
0.99,0.66,0.01,0.01,0.01,0.01,0.66,0.66,0.66,0.99,0.004131,0.000029,0.663429,0.000029
0.99,0.66,0.01,0.01,0.01,0.01,0.99,0.99,0.99,0.01,0.004889,0.000035,0.996600,0.000000
0.99,0.66,0.01,0.01,0.01,0.01,0.99,0.99,0.99,0.33,0.004889,0.000035,0.887812,0.000012
0.99,0.66,0.01,0.01,0.01,0.01,0.99,0.99,0.99,0.66,0.004889,0.000035,0.775623,0.000023
0.99,0.66,0.01,0.01,0.01,0.01,0.99,0.99,0.99,0.99,0.004889,0.000035,0.663435,0.000035
0.99,0.66,0.33,0.33,0.33,0.33,0.01,0.01,0.01,0.01,0.046114,0.000484,0.996605,0.000005
0.99,0.66,0.33,0.33,0.33,0.33,0.01,0.01,0.01,0.33,0.046114,0.000484,0.887960,0.000160
0.99,0.66,0.33,0.33,0.33,0.33,0.01,0.01,0.01,0.66,0.046114,0.000484,0.775920,0.000320
0.99,0.66,0.33,0.33,0.33,0.33,0.01,0.01,0.01,0.99,0.046114,0.000484,0.663880,0.000480
0.99,0.66,0.33,0.33,0.33,0.33,0.33,0.33,0.33,0.01,0.063422,0.000679,0.996607,0.000007
0.99,0.66,0.33,0.33,0.33,0.33,0.33,0.33,0.33,0.33,0.063422,0.000679,0.888024,0.000224
0.99,0.66,0.33,0.33,0.33,0.33,0.33,0.33,0.33,0.66,0.063422,0.000679,0.776048,0.000448
0.99,0.66,0.33,0.33,0.33,0.33,0.33,0.33,0.33,0.99,0.063422,0.000679,0.664072,0.000672
0.99,0.66,0.33,0.33,0.33,0.33,0.66,0.66,0.66,0.01,0.081269,0.000888,0.996609,0.000009
0.99,0.66,0.33,0.33,0.33,0.33,0.66,0.66,0.66,0.33,0.081269,0.000888,0.888093,0.000293
0.99,0.66,0.33,0.33,0.33,0.33,0.66,0.66,0.66,0.66,0.081269,0.000888,0.776186,0.000586
0.99,0.66,0.33,0.33,0.33,0.33,0.66,0.66,0.66,0.99,0.081269,0.000888,0.664279,0.000879
0.99,0.66,0.33,0.33,0.33,0.33,0.99,0.99,0.99,0.01,0.099117,0.001105,0.996611,0.000011
0.99,0.66,0.33,0.33,0.33,0.33,0.99,0.99,0.99,0.33,0.099117,0.001105,0.888165,0.000365
0.99,0.66,0.33,0.33,0.33,0.33,0.99,0.99,0.99,0.66,0.099117,0.001105,0.776329,0.000729
0.99,0.66,0.33,0.33,0.33,0.33,0.99,0.99,0.99,0.99,0.099117,0.001105,0.664494,0.001094
0.99,0.66,0.66,0.66,0.66,0.66,0.01,0.01,0.01,0.01,0.080888,0.000890,0.996609,0.000009
0.99,0.66,0.66,0.66,0.66,0.66,0.01,0.01,0.01,0.33,0.080888,0.000890,0.888094,0.000294
0.99,0.66,0.66,0.66,0.66,0.66,0.01,0.01,0.01,0.66,0.080888,0.000890,0.776187,0.000587
0.99,0.66,0.66,0.66,0.66,0.66,0.01,0.01,0.01,0.99,0.080888,0.000890,0.664281,0.000881
0.99,0.66,0.66,0.66,0.66,0.66,0.33,0.33,0.33,0.01,0.115306,0.001318,0.996613,0.000013
0.99,0.66,0.66,0.66,0.66,0.66,0.33,0.33,0.33,0.33,0.115306,0.001318,0.888235,0.000435
0.99,0.66,0.66,0.66,0.66,0.66,0.33,0.33,0.33,0.66,0.115306,0.001318,0.776470,0.000870
0.99,0.66,0.66,0.66,0.66,0.66,0.33,0.33,0.33,0.99,0.115306,0.001318,0.664704,0.001304
0.99,0.66,0.66,0.66,0.66,0.66,0.66,0.66,0.66,0.01,0.150800,0.001795,0.996618,0.000018
0.99,0.66,0.66,0.66,0.66,0.66,0.66,0.66,0.66,0.33,0.150800,0.001795,0.888393,0.000593
0.99,0.66,0.66,0.66,0.66,0.66,0.66,0.66,0.66,0.66,0.150800,0.001795,0.776785,0.001185
0.99,0.66,0.66,0.66,0.66,0.66,0.66,0.66,0.66,0.99,0.150800,0.001795,0.665178,0.001778
0.99,0.66,0.66,0.66,0.66,0.66,0.99,0.99,0.99,0.01,0.186293,0.002316,0.996623,0.000023
0.99,0.66,0.66,0.66,0.66,0.66,0.99,0.99,0.99,0.33,0.186293,0.002316,0.888564,0.000764
0.99,0.66,0.66,0.66,0.66,0.66,0.99,0.99,0.99,0.66,0.186293,0.002316,0.777128,0.001528
0.99,0.66,0.66,0.66,0.66,0.66,0.99,0.99,0.99,0.99,0.186293,0.002316,0.665693,0.002293
0.99,0.66,0.99,0.99,0.99,0.99,0.01,0.01,0.01,0.01,0.110776,0.001265,0.996613,0.000013
0.99,0.66,0.99,0.99,0.99,0.99,0.01,0.01,0.01,0.33,0.110776,0.001265,0.888217,0.000417
0.99,0.66,0.99,0.99,0.99,0.99,0.01,0.01,0.01,0.66,0.110776,0.001265,0.776435,0.000835
0.99,0.66,0.99,0.99,0.99,0.99,0.01,0.01,0.01,0.99,0.110776,0.001265,0.664652,0.001252
0.99,0.66,0.99,0.99,0.99,0.99,0.33,0.33,0.33,0.01,0.162381,0.001966,0.996620,0.000020
0.99,0.66,0.99,0.99,0.99,0.99,0.33,0.33,0.33,0.33,0.162381,0.001966,0.888449,0.000649
0.99,0.66,0.99,0.99,0.99,0.99,0.33,0.33,0.33,0.66,0.162381,0.001966,0.776897,0.001297
0.99,0.66,0.99,0.99,0.99,0.99,0.33,0.33,0.33,0.99,0.162381,0.001966,0.665346,0.001946
0.99,0.66,0.99,0.99,0.99,0.99,0.66,0.66,0.66,0.01,0.215598,0.002786,0.996628,0.000028
0.99,0.66,0.99,0.99,0.99,0.99,0.66,0.66,0.66,0.33,0.215598,0.002786,0.888719,0.000919
0.99,0.66,0.99,0.99,0.99,0.99,0.66,0.66,0.66,0.66,0.215598,0.002786,0.777439,0.001839
0.99,0.66,0.99,0.99,0.99,0.99,0.66,0.66,0.66,0.99,0.215598,0.002786,0.666158,0.002758
0.99,0.66,0.99,0.99,0.99,0.99,0.99,0.99,0.99,0.01,0.268815,0.003728,0.996637,0.000037
0.99,0.66,0.99,0.99,0.99,0.99,0.99,0.99,0.99,0.33,0.268815,0.003728,0.889030,0.001230
0.99,0.66,0.99,0.99,0.99,0.99,0.99,0.99,0.99,0.66,0.268815,0.003728,0.778060,0.002460
0.99,0.66,0.99,0.99,0.99,0.99,0.99,0.99,0.99,0.99,0.268815,0.003728,0.667090,0.003690
0.99,0.99,0.01,0.01,0.01,0.01,0.01,0.01,0.01,0.01,0.002638,0.000018,0.999900,0.000000
0.99,0.99,0.01,0.01,0.01,0.01,0.01,0.01,0.01,0.33,0.002638,0.000018,0.996706,0.000006
0.99,0.99,0.01,0.01,0.01,0.01,0.01,0.01,0.01,0.66,0.002638,0.000018,0.993412,0.000012
0.99,0.99,0.01,0.01,0.01,0.01,0.01,0.01,0.01,0.99,0.002638,0.000018,0.990118,0.000017
0.99,0.99,0.01,0.01,0.01,0.01,0.33,0.33,0.33,0.01,0.003373,0.000023,0.999900,0.000000
0.99,0.99,0.01,0.01,0.01,0.01,0.33,0.33,0.33,0.33,0.003373,0.000023,0.996708,0.000008
0.99,0.99,0.01,0.01,0.01,0.01,0.33,0.33,0.33,0.66,0.003373,0.000023,0.993415,0.000015
0.99,0.99,0.01,0.01,0.01,0.01,0.33,0.33,0.33,0.99,0.003373,0.000023,0.990123,0.000023
0.99,0.99,0.01,0.01,0.01,0.01,0.66,0.66,0.66,0.01,0.004131,0.000029,0.999900,0.000000
0.99,0.99,0.01,0.01,0.01,0.01,0.66,0.66,0.66,0.33,0.004131,0.000029,0.996710,0.000010
0.99,0.99,0.01,0.01,0.01,0.01,0.66,0.66,0.66,0.66,0.004131,0.000029,0.993419,0.000019
0.99,0.99,0.01,0.01,0.01,0.01,0.66,0.66,0.66,0.99,0.004131,0.000029,0.990129,0.000029
0.99,0.99,0.01,0.01,0.01,0.01,0.99,0.99,0.99,0.01,0.004889,0.000035,0.999900,0.000000
0.99,0.99,0.01,0.01,0.01,0.01,0.99,0.99,0.99,0.33,0.004889,0.000035,0.996712,0.000012
0.99,0.99,0.01,0.01,0.01,0.01,0.99,0.99,0.99,0.66,0.004889,0.000035,0.993423,0.000023
0.99,0.99,0.01,0.01,0.01,0.01,0.99,0.99,0.99,0.99,0.004889,0.000035,0.990135,0.000035
0.99,0.99,0.33,0.33,0.33,0.33,0.01,0.01,0.01,0.01,0.046114,0.000484,0.999905,0.000005
0.99,0.99,0.33,0.33,0.33,0.33,0.01,0.01,0.01,0.33,0.046114,0.000484,0.996860,0.000160
0.99,0.99,0.33,0.33,0.33,0.33,0.01,0.01,0.01,0.66,0.046114,0.000484,0.993720,0.000320
0.99,0.99,0.33,0.33,0.33,0.33,0.01,0.01,0.01,0.99,0.046114,0.000484,0.990580,0.000480
0.99,0.99,0.33,0.33,0.33,0.33,0.33,0.33,0.33,0.01,0.063422,0.000679,0.999907,0.000007
0.99,0.99,0.33,0.33,0.33,0.33,0.33,0.33,0.33,0.33,0.063422,0.000679,0.996924,0.000224
0.99,0.99,0.33,0.33,0.33,0.33,0.33,0.33,0.33,0.66,0.063422,0.000679,0.993848,0.000448
0.99,0.99,0.33,0.33,0.33,0.33,0.33,0.33,0.33,0.99,0.063422,0.000679,0.990772,0.000672
0.99,0.99,0.33,0.33,0.33,0.33,0.66,0.66,0.66,0.01,0.081269,0.000888,0.999909,0.000009
0.99,0.99,0.33,0.33,0.33,0.33,0.66,0.66,0.66,0.33,0.081269,0.000888,0.996993,0.000293
0.99,0.99,0.33,0.33,0.33,0.33,0.66,0.66,0.66,0.66,0.081269,0.000888,0.993986,0.000586
0.99,0.99,0.33,0.33,0.33,0.33,0.66,0.66,0.66,0.99,0.081269,0.000888,0.990979,0.000879
0.99,0.99,0.33,0.33,0.33,0.33,0.99,0.99,0.99,0.01,0.099117,0.001105,0.999911,0.000011
0.99,0.99,0.33,0.33,0.33,0.33,0.99,0.99,0.99,0.33,0.099117,0.001105,0.997065,0.000365
0.99,0.99,0.33,0.33,0.33,0.33,0.99,0.99,0.99,0.66,0.099117,0.001105,0.994129,0.000729
0.99,0.99,0.33,0.33,0.33,0.33,0.99,0.99,0.99,0.99,0.099117,0.001105,0.991194,0.001094
0.99,0.99,0.66,0.66,0.66,0.66,0.01,0.01,0.01,0.01,0.080888,0.000890,0.999909,0.000009
0.99,0.99,0.66,0.66,0.66,0.66,0.01,0.01,0.01,0.33,0.080888,0.000890,0.996994,0.000294
0.99,0.99,0.66,0.66,0.66,0.66,0.01,0.01,0.01,0.66,0.080888,0.000890,0.993987,0.000587
0.99,0.99,0.66,0.66,0.66,0.66,0.01,0.01,0.01,0.99,0.080888,0.000890,0.990981,0.000881
0.99,0.99,0.66,0.66,0.66,0.66,0.33,0.33,0.33,0.01,0.115306,0.001318,0.999913,0.000013
0.99,0.99,0.66,0.66,0.66,0.66,0.33,0.33,0.33,0.33,0.115306,0.001318,0.997135,0.000435
0.99,0.99,0.66,0.66,0.66,0.66,0.33,0.33,0.33,0.66,0.115306,0.001318,0.994270,0.000870
0.99,0.99,0.66,0.66,0.66,0.66,0.33,0.33,0.33,0.99,0.115306,0.001318,0.991404,0.001304
0.99,0.99,0.66,0.66,0.66,0.66,0.66,0.66,0.66,0.01,0.150800,0.001795,0.999918,0.000018
0.99,0.99,0.66,0.66,0.66,0.66,0.66,0.66,0.66,0.33,0.150800,0.001795,0.997293,0.000593
0.99,0.99,0.66,0.66,0.66,0.66,0.66,0.66,0.66,0.66,0.150800,0.001795,0.994585,0.001185
0.99,0.99,0.66,0.66,0.66,0.66,0.66,0.66,0.66,0.99,0.150800,0.001795,0.991878,0.001778
0.99,0.99,0.66,0.66,0.66,0.66,0.99,0.99,0.99,0.01,0.186293,0.002316,0.999923,0.000023
0.99,0.99,0.66,0.66,0.66,0.66,0.99,0.99,0.99,0.33,0.186293,0.002316,0.997464,0.000764
0.99,0.99,0.66,0.66,0.66,0.66,0.99,0.99,0.99,0.66,0.186293,0.002316,0.994928,0.001528
0.99,0.99,0.66,0.66,0.66,0.66,0.99,0.99,0.99,0.99,0.186293,0.002316,0.992393,0.002293
0.99,0.99,0.99,0.99,0.99,0.99,0.01,0.01,0.01,0.01,0.110776,0.001265,0.999913,0.000013
0.99,0.99,0.99,0.99,0.99,0.99,0.01,0.01,0.01,0.33,0.110776,0.001265,0.997117,0.000417
0.99,0.99,0.99,0.99,0.99,0.99,0.01,0.01,0.01,0.66,0.110776,0.001265,0.994235,0.000835
0.99,0.99,0.99,0.99,0.99,0.99,0.01,0.01,0.01,0.99,0.110776,0.001265,0.991352,0.001252
0.99,0.99,0.99,0.99,0.99,0.99,0.33,0.33,0.33,0.01,0.162381,0.001966,0.999920,0.000020
0.99,0.99,0.99,0.99,0.99,0.99,0.33,0.33,0.33,0.33,0.162381,0.001966,0.997349,0.000649
0.99,0.99,0.99,0.99,0.99,0.99,0.33,0.33,0.33,0.66,0.162381,0.001966,0.994697,0.001297
0.99,0.99,0.99,0.99,0.99,0.99,0.33,0.33,0.33,0.99,0.162381,0.001966,0.992046,0.001946
0.99,0.99,0.99,0.99,0.99,0.99,0.66,0.66,0.66,0.01,0.215598,0.002786,0.999928,0.000028
0.99,0.99,0.99,0.99,0.99,0.99,0.66,0.66,0.66,0.33,0.215598,0.002786,0.997619,0.000919
0.99,0.99,0.99,0.99,0.99,0.99,0.66,0.66,0.66,0.66,0.215598,0.002786,0.995239,0.001839
0.99,0.99,0.99,0.99,0.99,0.99,0.66,0.66,0.66,0.99,0.215598,0.002786,0.992858,0.002758
0.99,0.99,0.99,0.99,0.99,0.99,0.99,0.99,0.99,0.01,0.268815,0.003728,0.999937,0.000037
0.99,0.99,0.99,0.99,0.99,0.99,0.99,0.99,0.99,0.33,0.268815,0.003728,0.997930,0.001230
0.99,0.99,0.99,0.99,0.99,0.99,0.99,0.99,0.99,0.66,0.268815,0.003728,0.995860,0.002460
0.99,0.99,0.99,0.99,0.99,0.99,0.99,0.99,0.99,0.99,0.268815,0.003728,0.993790,0.003690
